Norm I/I0,time Corrected (ps)
2.53162E-12,-2701.075
1.10743E-12,-2696.075
2.02178E-12,-2691.075
5.70082E-14,-2686.075
1.23467E-12,-2681.075
1.22046E-14,-2676.075
4.43553E-14,-2671.075
3.03509E-14,-2666.075
1.42696E-12,-2661.075
3.69349E-14,-2656.075
3.05114E-15,-2651.075
7.38698E-15,-2646.075
1.72017E-12,-2641.075
4.67307E-14,-2636.075
1.92704E-15,-2631.075
1.18834E-14,-2626.075
3.01903E-14,-2621.075
2.00364E-14,-2616.075
9.17781E-14,-2611.075
3.01903E-14,-2606.075
5.29936E-15,-2601.075
1.64562E-12,-2596.075
4.99424E-14,-2591.075
1.81319E-12,-2586.075
5.52418E-14,-2581.075
2.20586E-12,-2576.075
1.40312E-12,-2571.075
4.49642E-15,-2566.075
1.18834E-14,-2561.075
2.55751E-12,-2556.075
3.21859E-14,-2551.075
1.97521E-14,-2546.075
2.02579E-12,-2541.075
3.79142E-14,-2536.075
3.11538E-14,-2531.075
4.99424E-14,-2526.075
8.65568E-13,-2521.075
1.97521E-14,-2516.075
2.56938E-15,-2511.075
1.25609E-12,-2506.075
2.10368E-14,-2501.075
3.32414E-14,-2496.075
2.89056E-14,-2491.075
6.73463E-13,-2486.075
9.31402E-15,-2481.075
2.35949E-12,-2476.075
1.73433E-14,-2471.075
2.62504E-13,-2466.075
1.98072E-12,-2461.075
8.99507E-13,-2456.075
6.16652E-14,-2451.075
5.78112E-14,-2446.075
3.46867E-14,-2441.075
8.62731E-13,-2436.075
1.9635E-12,-2431.075
3.51685E-14,-2426.075
9.63519E-15,-2421.075
1.13607E-12,-2416.075
1.71742E-12,-2411.075
3.95043E-14,-2406.075
1.24884E-12,-2401.075
2.3285E-14,-2396.075
5.6687E-14,-2391.075
1.83069E-14,-2386.075
7.86874E-15,-2381.075
1.53966E-12,-2376.075
2.50515E-14,-2371.075
9.63519E-15,-2366.075
8.51109E-15,-2361.075
2.34456E-14,-2356.075
1.30075E-14,-2351.075
2.05551E-14,-2346.075
2.56938E-15,-2341.075
1.57375E-14,-2336.075
7.06522E-15,-2331.075
2.64968E-14,-2326.075
1.35029E-12,-2321.075
5.41177E-14,-2316.075
1.73433E-14,-2311.075
2.08763E-14,-2306.075
2.98691E-14,-2301.075
1.63798E-14,-2296.075
8.08407E-14,-2291.075
5.44388E-14,-2286.075
1.25534E-13,-2281.075
3.74167E-14,-2276.075
1.79857E-14,-2271.075
1.78251E-14,-2266.075
4.33584E-15,-2261.075
2.06423E-13,-2256.075
1.89492E-14,-2251.075
1.09199E-14,-2246.075
3.38838E-14,-2241.075
9.98903E-13,-2236.075
8.1321E-13,-2231.075
2.23194E-12,-2226.075
2.83002E-14,-2221.075
2.24821E-14,-2216.075
6.26288E-15,-2211.075
2.85844E-14,-2206.075
2.72997E-15,-2201.075
3.37232E-14,-2196.075
3.13985E-13,-2191.075
3.85408E-15,-2186.075
2.89056E-14,-2181.075
1.72966E-12,-2176.075
2.85528E-13,-2171.075
5.02636E-14,-2166.075
2.74603E-14,-2161.075
2.81026E-14,-2156.075
4.11102E-14,-2151.075
1.14531E-12,-2146.075
9.44247E-13,-2141.075
8.37413E-13,-2136.075
7.21034E-14,-2131.075
6.03805E-14,-2126.075
9.51115E-13,-2121.075
2.21609E-14,-2116.075
6.05411E-14,-2111.075
4.33584E-14,-2106.075
3.16355E-14,-2101.075
2.77815E-14,-2096.075
1.46494E-12,-2091.075
4.97818E-15,-2086.075
5.10665E-14,-2081.075
2.97085E-14,-2076.075
2.6818E-14,-2071.075
2.84238E-14,-2066.075
1.30075E-14,-2061.075
4.4521E-13,-2056.075
2.1358E-14,-2051.075
3.16355E-14,-2046.075
4.33584E-15,-2041.075
4.51248E-14,-2036.075
1.15622E-14,-2031.075
1.92704E-14,-2026.075
2.37977E-12,-2021.075
9.04436E-14,-2016.075
6.26632E-13,-2011.075
7.86874E-15,-2006.075
1.33287E-14,-2001.075
5.78112E-15,-1996.075
8.83226E-15,-1991.075
3.82196E-14,-1986.075
3.27597E-14,-1981.075
2.03945E-14,-1976.075
1.05987E-14,-1971.075
1.41652E-13,-1966.075
1.0117E-14,-1961.075
7.90687E-13,-1956.075
2.89056E-15,-1951.075
3.17961E-14,-1946.075
9.95637E-15,-1941.075
2.56938E-15,-1936.075
3.08326E-14,-1931.075
5.0103E-14,-1926.075
1.54945E-12,-1921.075
2.34694E-12,-1916.075
7.54757E-15,-1911.075
6.19864E-14,-1906.075
8.01339E-14,-1901.075
3.85789E-12,-1896.075
2.5804E-12,-1891.075
4.25135E-13,-1886.075
1.83069E-14,-1881.075
1.57375E-14,-1876.075
7.50279E-13,-1871.075
4.33584E-15,-1866.075
2.58544E-14,-1861.075
6.50522E-13,-1856.075
7.06581E-14,-1851.075
2.50515E-14,-1846.075
2.00733E-14,-1841.075
3.21541E-13,-1836.075
4.2716E-14,-1831.075
1.55769E-14,-1826.075
1.95626E-12,-1821.075
3.91831E-14,-1816.075
4.98907E-13,-1811.075
1.85754E-12,-1806.075
1.23046E-12,-1801.075
2.97252E-13,-1796.075
2.09845E-12,-1791.075
4.11102E-14,-1786.075
4.33584E-15,-1781.075
4.5446E-14,-1776.075
6.05511E-14,-1771.075
8.42053E-13,-1766.075
1.60587E-14,-1761.075
4.72124E-14,-1756.075
5.37965E-14,-1751.075
3.85408E-15,-1746.075
6.98551E-14,-1741.075
4.3519E-14,-1736.075
1.04381E-14,-1731.075
1.76645E-14,-1726.075
3.27597E-14,-1721.075
1.95544E-12,-1716.075
1.41316E-14,-1711.075
2.89062E-14,-1706.075
7.70815E-15,-1701.075
6.26288E-15,-1696.075
7.87784E-13,-1691.075
1.12411E-15,-1686.075
2.23215E-14,-1681.075
4.14313E-14,-1676.075
3.59714E-14,-1671.075
5.2833E-14,-1666.075
3.69349E-15,-1661.075
6.8183E-13,-1656.075
7.03574E-13,-1651.075
4.78548E-14,-1646.075
1.62192E-14,-1641.075
4.8176E-16,-1636.075
1.17187E-12,-1631.075
4.14313E-14,-1626.075
1.9933E-12,-1621.075
4.89789E-14,-1616.075
1.15625E-12,-1611.075
1.38104E-14,-1606.075
2.24821E-14,-1601.075
2.23432E-12,-1596.075
1.81463E-14,-1591.075
4.71598E-13,-1586.075
1.55769E-14,-1581.075
4.17525E-15,-1576.075
1.50951E-14,-1571.075
2.17172E-12,-1566.075
2.08763E-15,-1561.075
1.0117E-14,-1556.075
1.18834E-14,-1551.075
1.91098E-14,-1546.075
2.24821E-15,-1541.075
6.44428E-13,-1536.075
4.86577E-14,-1531.075
1.34224E-12,-1526.075
2.12786E-12,-1521.075
1.70179E-12,-1516.075
3.27597E-14,-1511.075
1.29888E-12,-1506.075
1.31681E-14,-1501.075
2.42486E-14,-1496.075
1.96247E-13,-1491.075
3.03509E-14,-1486.075
1.28469E-15,-1481.075
8.88313E-14,-1476.075
1.28469E-14,-1471.075
1.31681E-14,-1466.075
1.91098E-14,-1461.075
1.49424E-12,-1456.075
1.75747E-12,-1451.075
1.07146E-12,-1446.075
1.53015E-12,-1441.075
2.1358E-14,-1436.075
6.35923E-14,-1431.075
3.19567E-14,-1426.075
2.61756E-14,-1421.075
3.09932E-14,-1416.075
3.30808E-14,-1411.075
8.39922E-13,-1406.075
1.30075E-14,-1401.075
2.84238E-14,-1396.075
2.34456E-14,-1391.075
3.01903E-14,-1386.075
1.60587E-15,-1381.075
1.18834E-14,-1376.075
5.29936E-15,-1371.075
1.79746E-12,-1366.075
3.75773E-14,-1361.075
1.28474E-12,-1356.075
4.11102E-14,-1351.075
2.64968E-14,-1346.075
1.12693E-12,-1341.075
1.57375E-14,-1336.075
3.5329E-15,-1331.075
4.97818E-15,-1326.075
6.58405E-15,-1321.075
2.25786E-12,-1316.075
2.90703E-14,-1311.075
8.3505E-15,-1306.075
1.55769E-14,-1301.075
2.79421E-14,-1296.075
1.9169E-12,-1291.075
5.14457E-14,-1286.075
1.29135E-12,-1281.075
4.19131E-14,-1276.075
5.15483E-14,-1271.075
2.50515E-14,-1266.075
5.66349E-14,-1261.075
3.5329E-15,-1256.075
1.44548E-12,-1251.075
5.29936E-14,-1246.075
1.36499E-14,-1241.075
2.19924E-12,-1236.075
4.88441E-14,-1231.075
4.30372E-14,-1226.075
4.11102E-14,-1221.075
2.55333E-14,-1216.075
2.15186E-14,-1211.075
8.67167E-15,-1206.075
9.24568E-13,-1201.075
9.47461E-15,-1196.075
2.10368E-14,-1191.075
4.8176E-15,-1186.075
1.36499E-14,-1181.075
1.79857E-14,-1176.075
1.4774E-14,-1171.075
1.68876E-12,-1166.075
2.84238E-14,-1161.075
1.27378E-12,-1156.075
4.3519E-14,-1151.075
4.04678E-14,-1146.075
7.60096E-13,-1141.075
5.33147E-14,-1136.075
6.90522E-15,-1131.075
5.62053E-14,-1126.075
2.0023E-12,-1121.075
7.06581E-15,-1116.075
2.3285E-14,-1111.075
3.69633E-13,-1106.075
1.25258E-14,-1101.075
2.28427E-12,-1096.075
9.7749E-13,-1091.075
1.89492E-14,-1086.075
2.00488E-12,-1081.075
5.22938E-12,-1076.075
4.43041E-12,-1071.075
2.13024E-12,-1066.075
6.58112E-12,-1061.075
4.67401E-12,-1056.075
5.10714E-12,-1051.075
4.47412E-12,-1046.075
4.05771E-12,-1041.075
9.49486E-12,-1036.075
6.25488E-12,-1031.075
1.04589E-11,-1026.075
5.81547E-12,-1021.075
1.29809E-11,-1016.075
2.63366E-12,-1011.075
4.97586E-12,-1006.075
1.43949E-11,-1001.075
1.85989E-11,-996.075
2.04335E-11,-991.075
3.43331E-12,-986.075
2.82558E-12,-981.075
8.49612E-12,-976.075
7.9819E-12,-971.075
1.1239E-11,-966.075
7.1556E-12,-961.075
3.85162E-12,-956.075
1.5283E-11,-951.075
5.25154E-12,-946.075
1.06978E-11,-941.075
1.92998E-11,-936.075
3.90767E-11,-931.075
1.27054E-11,-926.075
8.90208E-12,-921.075
2.65451E-11,-916.075
4.36372E-12,-911.075
2.49757E-11,-906.075
7.80769E-12,-901.075
1.79333E-11,-896.075
1.16373E-11,-891.075
2.72204E-11,-886.075
2.96638E-11,-881.075
6.61386E-12,-876.075
3.59841E-11,-871.075
2.67839E-11,-866.075
3.09904E-11,-861.075
1.13818E-11,-856.075
3.95291E-11,-851.075
4.52844E-11,-846.075
1.6606E-11,-841.075
1.40388E-11,-836.075
1.11826E-11,-831.075
3.09471E-11,-826.075
3.82604E-11,-821.075
2.19585E-11,-816.075
3.73185E-12,-811.075
1.59814E-11,-806.075
2.75989E-11,-801.075
1.17777E-11,-796.075
2.67477E-11,-791.075
6.33722E-12,-786.075
2.32875E-11,-781.075
1.82896E-11,-776.075
4.72892E-11,-771.075
1.37801E-11,-766.075
2.07227E-11,-761.075
1.75044E-11,-756.075
2.2279E-11,-751.075
1.53985E-11,-746.075
3.05747E-11,-741.075
3.18814E-11,-736.075
1.84114E-11,-731.075
3.07909E-11,-726.075
2.86536E-11,-721.075
2.61804E-11,-716.075
3.64609E-11,-711.075
2.83107E-11,-706.075
2.31236E-11,-701.075
2.87556E-11,-696.075
2.71601E-11,-691.075
4.2681E-11,-686.075
1.48042E-11,-681.075
3.33013E-11,-676.075
2.05321E-11,-671.075
2.69742E-11,-666.075
4.43022E-12,-661.075
2.50638E-11,-656.075
1.89078E-11,-651.075
1.51002E-11,-646.075
2.72301E-11,-641.075
2.66675E-11,-636.075
2.2459E-11,-631.075
9.93645E-12,-626.075
3.17053E-11,-621.075
1.24197E-11,-616.075
2.87566E-11,-611.075
3.87014E-11,-606.075
2.18203E-11,-601.075
1.12154E-11,-596.075
3.22141E-11,-591.075
2.98267E-11,-586.075
1.61316E-11,-581.075
2.07876E-11,-576.075
2.43415E-11,-571.075
2.88866E-11,-566.075
2.81076E-11,-561.075
5.02598E-11,-556.075
2.41179E-11,-551.075
1.65702E-11,-546.075
2.80672E-11,-541.075
8.71557E-12,-536.075
3.54655E-11,-531.075
2.83856E-11,-526.075
3.98765E-11,-521.075
6.98406E-11,-516.075
5.15301E-11,-511.075
2.61897E-11,-506.075
5.09367E-11,-501.075
8.06187E-11,-499.075
4.11998E-11,-497.075
6.82369E-11,-495.075
2.755E-11,-493.075
1.06669E-11,-491.075
1.10533E-10,-489.075
2.61924E-11,-487.075
2.76618E-11,-485.075
3.89441E-11,-483.075
1.7491E-11,-481.075
1.72016E-11,-479.075
1.91046E-11,-477.075
2.72832E-11,-475.075
2.56208E-11,-473.075
2.82608E-11,-471.075
2.66802E-11,-469.075
3.16902E-11,-467.075
1.86954E-11,-465.075
7.12256E-12,-463.075
4.34927E-11,-461.075
2.39181E-11,-459.075
7.45962E-12,-457.075
2.08793E-11,-455.075
3.46777E-11,-453.075
2.81709E-11,-451.075
9.66919E-12,-449.075
1.57057E-11,-447.075
4.01141E-11,-445.075
1.98022E-11,-443.075
1.70584E-11,-441.075
4.96872E-11,-439.075
6.86659E-11,-437.075
3.88899E-11,-435.075
2.15173E-11,-433.075
1.42529E-11,-431.075
2.65971E-11,-429.075
1.24558E-11,-427.075
3.27462E-11,-425.075
8.21679E-12,-423.075
1.10407E-11,-421.075
7.58486E-12,-419.075
1.95129E-11,-417.075
2.68578E-11,-415.075
5.2781E-12,-413.075
1.55254E-11,-411.075
2.91766E-11,-409.075
2.79316E-11,-407.075
1.935E-11,-405.075
6.95628E-12,-403.075
1.77539E-11,-401.075
4.29438E-11,-399.075
1.4441E-11,-397.075
4.45098E-11,-395.075
7.64113E-12,-393.075
2.67513E-11,-391.075
2.81575E-11,-389.075
5.51694E-12,-387.075
4.39315E-11,-385.075
2.51419E-11,-383.075
1.943E-11,-381.075
3.8698E-11,-379.075
2.09077E-11,-377.075
4.52778E-11,-375.075
3.43684E-11,-373.075
5.48306E-12,-371.075
8.29681E-12,-369.075
1.07774E-11,-367.075
1.16301E-11,-365.075
4.97226E-12,-363.075
3.22704E-11,-361.075
1.49375E-11,-359.075
4.56068E-11,-357.075
1.06277E-11,-355.075
4.82965E-12,-353.075
1.50672E-11,-351.075
1.94092E-11,-349.075
2.39084E-11,-347.075
4.71432E-11,-345.075
1.17675E-11,-343.075
5.36718E-12,-341.075
2.43209E-11,-339.075
4.16401E-11,-337.075
8.40771E-12,-335.075
2.92351E-11,-333.075
4.08464E-12,-331.075
3.09435E-11,-329.075
1.63503E-11,-327.075
4.72941E-12,-325.075
2.98867E-11,-323.075
9.97257E-12,-321.075
8.82584E-12,-319.075
1.64605E-11,-317.075
2.67478E-11,-315.075
1.62332E-11,-313.075
3.18916E-11,-311.075
3.89737E-11,-309.075
8.72595E-11,-307.075
4.92186E-11,-305.075
1.6981E-11,-303.075
1.3538E-11,-301.075
2.65911E-11,-299.075
2.17732E-11,-297.075
1.24055E-11,-295.075
4.2109E-11,-293.075
2.34057E-11,-291.075
8.30653E-12,-289.075
1.43617E-11,-287.075
9.0489E-12,-285.075
1.52592E-11,-283.075
1.98651E-11,-281.075
3.45514E-11,-279.075
1.52792E-11,-277.075
3.98682E-11,-275.075
3.93398E-11,-273.075
7.35475E-12,-271.075
1.94963E-11,-269.075
6.15811E-12,-267.075
2.72994E-11,-265.075
3.62122E-11,-263.075
1.69788E-11,-261.075
2.06163E-11,-259.075
1.38334E-11,-257.075
4.67286E-12,-255.075
8.92582E-12,-253.075
2.11901E-11,-251.075
2.35462E-11,-249.075
3.17929E-11,-247.075
1.12488E-11,-245.075
1.97617E-11,-243.075
2.81683E-11,-241.075
5.96772E-11,-239.075
2.88688E-11,-237.075
1.79011E-11,-235.075
2.34746E-11,-233.075
1.8717E-11,-231.075
3.22145E-11,-229.075
3.60694E-11,-227.075
4.61558E-11,-225.075
4.2957E-11,-223.075
3.14317E-11,-221.075
7.33168E-12,-219.075
1.97877E-11,-217.075
2.52649E-11,-215.075
8.07696E-12,-213.075
3.51828E-11,-211.075
9.68416E-12,-209.075
6.07192E-12,-207.075
4.36186E-11,-205.075
2.11886E-10,-203.075
6.60989E-11,-201.075
1.80851E-11,-200.975
3.06527E-11,-200.875
2.13512E-11,-200.775
3.41425E-11,-200.675
4.46761E-12,-200.575
3.49503E-11,-200.475
1.6404E-11,-200.375
3.47542E-11,-200.275
2.53778E-11,-200.175
2.02301E-11,-200.075
2.86003E-11,-199.975
3.34701E-11,-199.875
2.61623E-11,-199.775
1.00419E-11,-199.675
2.25475E-11,-199.575
3.63167E-11,-199.475
3.6014E-11,-199.375
2.88616E-11,-199.275
1.94864E-11,-199.175
2.50555E-11,-199.075
4.59494E-11,-198.975
3.12297E-11,-198.875
4.15273E-11,-198.775
1.81694E-11,-198.675
9.7869E-12,-198.575
2.90431E-11,-198.475
2.98533E-11,-198.375
4.95117E-11,-198.275
2.44096E-11,-198.175
1.59327E-11,-198.075
2.76121E-11,-197.975
2.40017E-11,-197.875
7.6785E-11,-197.775
5.62452E-11,-197.675
3.58878E-11,-197.575
4.87704E-11,-197.475
7.19749E-11,-197.375
3.84273E-11,-197.275
3.08225E-11,-197.175
5.88599E-11,-197.075
4.56533E-11,-196.975
2.88372E-11,-196.875
1.46052E-11,-196.775
2.39417E-11,-196.675
1.06128E-10,-196.575
9.78651E-11,-196.475
4.27095E-11,-196.375
8.00473E-11,-196.275
2.49418E-11,-196.175
8.78426E-11,-196.075
2.48155E-11,-195.975
2.89412E-11,-195.875
2.67912E-11,-195.775
1.8213E-10,-195.675
8.75639E-11,-195.575
5.12132E-10,-195.475
9.02929E-10,-195.375
2.23232E-09,-195.275
4.44382E-09,-195.175
1.17277E-08,-195.075
1.25704E-08,-194.975
3.81834E-09,-194.875
1.95836E-09,-194.775
6.39502E-10,-194.675
4.04671E-10,-194.575
3.13287E-10,-194.475
5.44735E-10,-194.375
1.50136E-10,-194.275
9.9539E-10,-194.175
7.49161E-10,-194.075
1.27051E-10,-193.975
3.45313E-10,-193.875
3.62555E-10,-193.775
1.43479E-10,-193.675
2.49888E-10,-193.575
2.3672E-10,-193.475
2.9277E-10,-193.375
1.36929E-10,-193.275
2.0922E-10,-193.175
1.903E-10,-193.075
1.58815E-11,-192.975
1.68801E-10,-192.875
1.53752E-10,-192.775
4.67256E-11,-192.675
2.94286E-11,-192.575
8.27749E-11,-192.475
4.52589E-11,-192.375
3.13828E-11,-192.275
1.29297E-10,-192.175
9.15417E-11,-192.075
2.73603E-11,-191.975
2.02242E-10,-191.875
9.42806E-11,-191.775
2.45937E-11,-191.675
2.08241E-11,-191.575
5.84702E-11,-191.475
2.53533E-11,-191.375
5.02537E-11,-191.275
4.70598E-11,-191.175
1.38104E-11,-191.075
3.10748E-11,-190.975
2.50556E-11,-190.875
5.72982E-11,-190.775
5.51602E-11,-190.675
2.75282E-11,-190.575
2.8007E-11,-190.475
2.76469E-11,-190.375
6.22394E-11,-190.275
2.43081E-11,-190.175
5.26121E-11,-190.075
1.90576E-11,-189.975
7.85313E-11,-189.875
2.27951E-11,-189.775
2.5034E-11,-189.675
3.37429E-11,-189.575
2.47829E-11,-189.475
2.57338E-11,-189.375
1.93034E-11,-189.275
2.78151E-11,-189.175
2.53938E-11,-189.075
1.68993E-11,-188.975
1.76289E-11,-188.875
1.85968E-11,-188.775
3.04516E-11,-188.675
1.1814E-11,-188.575
4.69002E-11,-188.475
2.37488E-11,-188.375
2.24389E-11,-188.275
4.11635E-11,-188.175
4.89122E-11,-188.075
4.63083E-11,-187.975
3.9376E-11,-187.875
1.10623E-11,-187.775
2.18581E-11,-187.675
3.73805E-11,-187.575
1.32345E-11,-187.475
1.13717E-11,-187.375
9.08179E-12,-187.275
1.72081E-11,-187.175
3.11964E-11,-187.075
4.91757E-12,-186.975
1.51106E-11,-186.875
1.93504E-11,-186.775
4.78382E-11,-186.675
1.05009E-11,-186.575
3.16555E-11,-186.475
2.99911E-11,-186.375
4.34926E-11,-186.275
3.22831E-11,-186.175
7.65753E-12,-186.075
7.82395E-12,-185.975
1.99313E-11,-185.875
1.17617E-11,-185.775
1.21184E-10,-185.675
1.81266E-11,-185.575
1.91931E-11,-185.475
3.75136E-11,-185.375
1.37892E-11,-185.275
2.87334E-11,-185.175
1.88053E-11,-185.075
1.20105E-11,-184.975
3.06778E-11,-184.875
2.77458E-11,-184.775
2.69609E-11,-184.675
1.87177E-11,-184.575
3.90604E-11,-184.475
2.40218E-11,-184.375
4.93505E-11,-184.275
3.16423E-11,-184.175
6.92482E-11,-184.075
4.98499E-11,-183.975
3.38101E-11,-183.875
2.98531E-11,-183.775
2.44005E-11,-183.675
3.54191E-11,-183.575
2.99629E-11,-183.475
3.39793E-11,-183.375
1.86608E-11,-183.275
4.25359E-12,-183.175
3.2231E-11,-183.075
2.09358E-11,-182.975
1.03812E-11,-182.875
3.52195E-11,-182.775
4.28235E-11,-182.675
5.72969E-12,-182.575
3.08142E-11,-182.475
1.55017E-11,-182.375
2.14005E-11,-182.275
1.56601E-11,-182.175
3.76143E-11,-182.075
8.34636E-12,-181.975
2.6272E-11,-181.875
7.62091E-12,-181.775
1.72711E-11,-181.675
6.95957E-12,-181.575
1.0192E-11,-181.475
3.37536E-11,-181.375
2.03873E-11,-181.275
1.33707E-11,-181.175
1.0182E-11,-181.075
1.38191E-11,-180.975
4.45996E-11,-180.875
1.16348E-11,-180.775
4.82338E-11,-180.675
7.39487E-12,-180.575
1.7918E-11,-180.475
3.00096E-11,-180.375
5.26402E-11,-180.275
5.07643E-11,-180.175
4.77316E-11,-180.075
4.38285E-11,-179.975
5.69634E-12,-179.875
2.5717E-11,-179.775
2.82407E-11,-179.675
1.83096E-11,-179.575
4.13577E-11,-179.475
5.64317E-12,-179.375
2.20392E-11,-179.275
9.35102E-12,-179.175
1.74832E-11,-179.075
6.87307E-12,-178.975
9.53087E-12,-178.875
3.67989E-11,-178.775
3.07441E-11,-178.675
9.55064E-12,-178.575
5.89174E-12,-178.475
2.52049E-11,-178.375
1.86816E-11,-178.275
1.60534E-11,-178.175
4.74987E-11,-178.075
1.34816E-11,-177.975
3.07906E-11,-177.875
1.82161E-11,-177.775
7.26858E-12,-177.675
1.66724E-11,-177.575
2.6084E-11,-177.475
4.72929E-11,-177.375
2.91587E-11,-177.275
4.40178E-11,-177.175
3.14425E-11,-177.075
3.29612E-11,-176.975
4.50573E-11,-176.875
1.71438E-11,-176.775
3.60704E-11,-176.675
2.15705E-11,-176.575
2.14007E-11,-176.475
8.45945E-12,-176.375
1.69176E-11,-176.275
4.34392E-11,-176.175
2.73631E-11,-176.075
1.1957E-11,-175.975
4.89281E-12,-175.875
2.55442E-11,-175.775
5.57022E-12,-175.675
2.62763E-11,-175.575
2.65081E-11,-175.475
4.25448E-11,-175.375
2.86134E-11,-175.275
1.41364E-11,-175.175
3.77602E-11,-175.075
2.38753E-11,-174.975
3.11705E-11,-174.875
2.19833E-11,-174.775
1.91017E-11,-174.675
2.50885E-11,-174.575
1.34004E-11,-174.475
5.08233E-12,-174.375
2.2552E-11,-174.275
2.26178E-11,-174.175
1.91438E-11,-174.075
1.12311E-10,-173.975
2.27282E-11,-173.875
2.2675E-11,-173.775
1.828E-11,-173.675
8.86856E-12,-173.575
1.09329E-11,-173.475
2.24345E-11,-173.375
2.04737E-11,-173.275
3.47951E-12,-173.175
3.64795E-11,-173.075
2.07913E-11,-172.975
3.08213E-11,-172.875
2.25215E-11,-172.775
4.66883E-11,-172.675
1.11444E-10,-172.575
5.85397E-11,-172.475
9.56382E-11,-172.375
8.46257E-12,-172.275
2.39785E-11,-172.175
9.47032E-12,-172.075
3.59543E-12,-171.975
4.49153E-11,-171.875
2.19434E-11,-171.775
2.81012E-11,-171.675
2.54146E-11,-171.575
3.44412E-11,-171.475
3.04483E-11,-171.375
3.65928E-11,-171.275
2.27081E-11,-171.175
2.6271E-11,-171.075
3.03352E-11,-170.975
1.09591E-11,-170.875
7.31454E-12,-170.775
2.047E-11,-170.675
1.94601E-11,-170.575
2.06399E-11,-170.475
2.00243E-11,-170.375
3.83386E-11,-170.275
1.68626E-11,-170.175
1.56183E-11,-170.075
4.76243E-12,-169.975
3.80594E-11,-169.875
3.98617E-11,-169.775
4.36788E-11,-169.675
6.33752E-12,-169.575
1.39432E-11,-169.475
4.69943E-12,-169.375
1.64666E-11,-169.275
3.50664E-11,-169.175
3.96456E-11,-169.075
1.36443E-11,-168.975
1.24623E-11,-168.875
1.47781E-11,-168.775
4.29839E-11,-168.675
3.33081E-11,-168.575
2.29274E-11,-168.475
2.06432E-11,-168.375
3.41458E-11,-168.275
2.13774E-11,-168.175
2.6495E-11,-168.075
7.94335E-12,-167.975
1.27718E-11,-167.875
3.96223E-11,-167.775
9.67741E-12,-167.675
1.23435E-11,-167.575
2.14079E-11,-167.475
3.68354E-11,-167.375
1.37999E-11,-167.275
1.09662E-11,-167.175
3.4271E-11,-167.075
4.07323E-11,-166.975
2.77059E-11,-166.875
3.24533E-11,-166.775
1.24357E-11,-166.675
4.61888E-11,-166.575
9.28697E-12,-166.475
1.71037E-11,-166.375
2.59161E-11,-166.275
4.5228E-11,-166.175
1.61411E-11,-166.075
2.03292E-11,-165.975
7.16334E-11,-165.875
9.23743E-12,-165.775
3.30819E-11,-165.675
1.65268E-11,-165.575
6.51394E-12,-165.475
1.87617E-11,-165.375
3.9436E-11,-165.275
1.66928E-11,-165.175
2.51351E-11,-165.075
9.26523E-12,-164.975
1.64201E-11,-164.875
2.3034E-11,-164.775
1.53058E-11,-164.675
3.08704E-11,-164.575
2.58291E-11,-164.475
2.17272E-11,-164.375
8.22633E-12,-164.275
1.09236E-11,-164.175
2.33867E-11,-164.075
1.31844E-11,-163.975
1.39478E-11,-163.875
1.16313E-11,-163.775
1.61873E-11,-163.675
2.21157E-11,-163.575
4.25667E-11,-163.475
1.45255E-11,-163.375
1.33041E-11,-163.275
1.1963E-11,-163.175
2.58601E-11,-163.075
3.25468E-11,-162.975
4.17829E-11,-162.875
3.81425E-11,-162.775
1.35687E-11,-162.675
2.83838E-11,-162.575
2.4587E-11,-162.475
2.60696E-11,-162.375
1.27353E-11,-162.275
2.6781E-11,-162.175
1.25455E-11,-162.075
1.42887E-11,-161.975
6.42673E-12,-161.875
1.82877E-11,-161.775
3.34909E-11,-161.675
1.79532E-11,-161.575
4.68309E-12,-161.475
1.34302E-11,-161.375
1.06868E-11,-161.275
2.56956E-11,-161.175
4.34409E-11,-161.075
3.23204E-11,-160.975
8.82853E-12,-160.875
3.74241E-11,-160.775
8.58563E-12,-160.675
1.63039E-11,-160.575
1.05642E-11,-160.475
4.84916E-11,-160.375
3.08038E-11,-160.275
4.67903E-11,-160.175
4.8104E-11,-160.075
2.6395E-11,-159.975
1.00495E-11,-159.875
3.79461E-11,-159.775
1.79329E-11,-159.675
8.6289E-12,-159.575
2.40748E-11,-159.475
1.30376E-11,-159.375
2.82445E-11,-159.275
5.52362E-12,-159.175
7.14901E-12,-159.075
9.12843E-12,-158.975
1.68158E-11,-158.875
1.37229E-11,-158.775
3.98781E-12,-158.675
9.02826E-12,-158.575
1.32287E-11,-158.475
1.07277E-11,-158.375
3.39995E-11,-158.275
1.40893E-11,-158.175
6.4242E-12,-158.075
2.28609E-11,-157.975
1.38341E-11,-157.875
1.42382E-11,-157.775
2.16555E-11,-157.675
2.34764E-11,-157.575
8.19002E-12,-157.475
3.31153E-11,-157.375
2.14607E-11,-157.275
1.05544E-11,-157.175
1.93533E-11,-157.075
3.98717E-11,-156.975
3.06579E-11,-156.875
2.38259E-11,-156.775
3.56109E-11,-156.675
2.01383E-11,-156.575
1.96225E-11,-156.475
4.74158E-11,-156.375
2.46296E-11,-156.275
1.88683E-11,-156.175
1.23191E-11,-156.075
1.62275E-11,-155.975
1.67583E-11,-155.875
1.14982E-11,-155.775
4.51745E-11,-155.675
4.82973E-11,-155.575
4.80643E-11,-155.475
2.36785E-11,-155.375
3.93066E-11,-155.275
4.25934E-11,-155.175
1.93201E-11,-155.075
7.36407E-12,-154.975
1.85687E-11,-154.875
3.04716E-11,-154.775
4.00875E-11,-154.675
1.75803E-11,-154.575
4.12179E-11,-154.475
3.6573E-11,-154.375
3.61805E-11,-154.275
1.89143E-11,-154.175
1.52789E-11,-154.075
4.91602E-12,-153.975
3.94694E-11,-153.875
1.59336E-11,-153.775
1.13185E-11,-153.675
2.106E-11,-153.575
1.17109E-11,-153.475
4.67508E-11,-153.375
2.41381E-11,-153.275
2.8613E-11,-153.175
5.84586E-12,-153.075
3.50167E-11,-152.975
2.08794E-11,-152.875
2.39954E-11,-152.775
1.79194E-11,-152.675
1.00756E-11,-152.575
3.66226E-11,-152.475
8.97897E-12,-152.375
2.55032E-11,-152.275
4.24716E-11,-152.175
4.09686E-11,-152.075
2.87599E-11,-151.975
9.21127E-12,-151.875
5.0087E-12,-151.775
5.99539E-12,-151.675
2.84074E-11,-151.575
8.79902E-12,-151.475
3.85742E-11,-151.375
3.36271E-11,-151.275
1.98718E-11,-151.175
2.37723E-11,-151.075
1.9134E-11,-150.975
3.20298E-12,-150.875
2.68542E-11,-150.775
5.49432E-12,-150.675
1.38725E-11,-150.575
6.99669E-12,-150.475
5.5534E-12,-150.375
1.14549E-11,-150.275
2.69739E-11,-150.175
1.97689E-11,-150.075
4.06892E-11,-149.975
2.74679E-11,-149.875
4.50151E-11,-149.775
4.67375E-11,-149.675
3.15355E-11,-149.575
2.12339E-11,-149.475
2.17637E-11,-149.375
3.44549E-11,-149.275
2.78089E-11,-149.175
3.70517E-11,-149.075
1.03352E-11,-148.975
3.18577E-11,-148.875
3.87777E-11,-148.775
3.64692E-11,-148.675
1.78912E-11,-148.575
1.79966E-11,-148.475
4.71912E-12,-148.375
1.33003E-11,-148.275
1.82454E-11,-148.175
1.18937E-11,-148.075
8.5822E-12,-147.975
4.49018E-11,-147.875
2.23103E-11,-147.775
9.81655E-12,-147.675
1.71619E-11,-147.575
3.21312E-11,-147.475
1.69553E-11,-147.375
2.29308E-11,-147.275
4.19481E-11,-147.175
2.30039E-11,-147.075
1.09271E-11,-146.975
1.37066E-11,-146.875
4.49122E-11,-146.775
4.10405E-12,-146.675
2.5022E-11,-146.575
2.57073E-11,-146.475
2.63588E-11,-146.375
3.49863E-11,-146.275
8.15757E-11,-146.175
1.12262E-11,-146.075
7.34147E-12,-145.975
2.47393E-11,-145.875
3.41027E-11,-145.775
2.7466E-11,-145.675
3.31283E-11,-145.575
6.27783E-12,-145.475
3.58494E-11,-145.375
3.11593E-11,-145.275
3.94127E-11,-145.175
9.9603E-12,-145.075
1.21469E-11,-144.975
3.57816E-11,-144.875
3.07523E-11,-144.775
2.2286E-11,-144.675
2.04303E-11,-144.575
3.01692E-11,-144.475
1.18072E-11,-144.375
1.17844E-11,-144.275
1.94725E-11,-144.175
1.38085E-11,-144.075
1.9529E-11,-143.975
1.52659E-11,-143.875
1.57704E-11,-143.775
1.02916E-11,-143.675
2.54143E-11,-143.575
2.15801E-11,-143.475
7.51389E-12,-143.375
1.00038E-11,-143.275
1.47503E-11,-143.175
1.66729E-11,-143.075
4.45E-11,-142.975
3.4991E-11,-142.875
3.01261E-11,-142.775
1.25387E-11,-142.675
8.02402E-12,-142.575
2.42575E-11,-142.475
2.55901E-11,-142.375
1.35266E-11,-142.275
4.88251E-12,-142.175
8.8835E-12,-142.075
9.33917E-12,-141.975
5.14309E-12,-141.875
3.28292E-11,-141.775
1.55051E-11,-141.675
3.49468E-11,-141.575
4.76453E-11,-141.475
3.82091E-11,-141.375
1.34143E-11,-141.275
1.10865E-11,-141.175
7.51107E-12,-141.075
3.5243E-11,-140.975
2.52013E-11,-140.875
1.44391E-11,-140.775
7.29871E-12,-140.675
1.97156E-11,-140.575
1.44121E-11,-140.475
6.92522E-12,-140.375
3.41989E-11,-140.275
1.28983E-11,-140.175
1.78289E-11,-140.075
2.91987E-11,-139.975
3.04022E-11,-139.875
1.15781E-11,-139.775
3.91991E-12,-139.675
2.58799E-11,-139.575
1.37965E-11,-139.475
2.31212E-11,-139.375
6.44726E-12,-139.275
1.94727E-11,-139.175
3.33045E-11,-139.075
5.2478E-12,-138.975
2.62325E-11,-138.875
2.88829E-11,-138.775
5.78791E-11,-138.675
2.24703E-11,-138.575
2.75322E-11,-138.475
1.13152E-11,-138.375
3.89408E-11,-138.275
1.34235E-11,-138.175
4.68604E-11,-138.075
5.67594E-11,-137.975
4.52877E-11,-137.875
4.12681E-11,-137.775
3.31472E-11,-137.675
1.34631E-11,-137.575
4.52745E-11,-137.475
3.58945E-11,-137.375
2.6209E-11,-137.275
1.22569E-11,-137.175
7.13922E-12,-137.075
3.38068E-11,-136.975
1.22626E-11,-136.875
1.65724E-11,-136.775
1.30455E-11,-136.675
2.43138E-11,-136.575
3.5851E-12,-136.475
1.60052E-11,-136.375
4.08127E-11,-136.275
1.76872E-11,-136.175
1.45079E-11,-136.075
9.57926E-12,-135.975
1.17809E-11,-135.875
1.23963E-11,-135.775
9.53728E-12,-135.675
5.69436E-11,-135.575
1.88498E-11,-135.475
1.94855E-11,-135.375
3.66925E-11,-135.275
3.72439E-11,-135.175
3.09968E-11,-135.075
1.59703E-11,-134.975
3.24871E-11,-134.875
2.0181E-12,-134.775
9.46381E-12,-134.675
1.62372E-11,-134.575
5.72596E-12,-134.475
3.94559E-11,-134.375
2.33935E-11,-134.275
4.25317E-12,-134.175
9.21464E-12,-134.075
9.22823E-12,-133.975
5.20988E-12,-133.875
1.11559E-11,-133.775
1.11125E-11,-133.675
6.50398E-12,-133.575
4.46326E-12,-133.475
1.03649E-11,-133.375
3.7188E-11,-133.275
8.75732E-12,-133.175
2.68593E-11,-133.075
6.8735E-12,-132.975
3.55886E-11,-132.875
4.59996E-12,-132.775
4.04003E-11,-132.675
1.90947E-11,-132.575
2.39284E-11,-132.475
1.83861E-11,-132.375
2.20859E-11,-132.275
1.43267E-11,-132.175
2.79417E-11,-132.075
3.44382E-11,-131.975
1.62479E-11,-131.875
1.33876E-11,-131.775
2.12384E-11,-131.675
9.52415E-12,-131.575
2.24579E-11,-131.475
3.66394E-11,-131.375
4.69674E-12,-131.275
1.98878E-11,-131.175
2.3244E-11,-131.075
1.10822E-11,-130.975
4.49121E-11,-130.875
2.71535E-11,-130.775
8.82905E-12,-130.675
3.81657E-11,-130.575
1.41026E-11,-130.475
4.50085E-11,-130.375
1.69017E-11,-130.275
7.51801E-12,-130.175
1.6593E-11,-130.075
1.34638E-11,-129.975
1.20273E-11,-129.875
1.90106E-11,-129.775
6.02387E-12,-129.675
3.4279E-11,-129.575
3.88275E-11,-129.475
1.25897E-11,-129.375
2.74957E-11,-129.275
1.76369E-11,-129.175
3.38254E-12,-129.075
2.58435E-11,-128.975
1.56184E-11,-128.875
4.33326E-12,-128.775
2.51044E-11,-128.675
3.82603E-11,-128.575
9.01115E-12,-128.475
1.44158E-11,-128.375
4.02273E-11,-128.275
1.24236E-11,-128.175
2.98668E-11,-128.075
8.22059E-12,-127.975
1.30753E-11,-127.875
1.83758E-11,-127.775
9.35087E-12,-127.675
1.61546E-11,-127.575
2.90654E-11,-127.475
3.28029E-11,-127.375
2.15111E-11,-127.275
8.44949E-12,-127.175
1.11555E-11,-127.075
2.41513E-11,-126.975
4.64844E-11,-126.875
1.12286E-11,-126.775
1.27489E-11,-126.675
1.34311E-11,-126.575
3.90838E-11,-126.475
2.29078E-11,-126.375
7.88384E-12,-126.275
4.23395E-12,-126.175
2.99128E-11,-126.075
6.2644E-12,-125.975
1.09298E-11,-125.875
4.16635E-11,-125.775
2.23082E-11,-125.675
4.02272E-11,-125.575
3.62734E-11,-125.475
3.83059E-11,-125.375
2.09422E-11,-125.275
1.51927E-11,-125.175
8.67979E-12,-125.075
9.63339E-12,-124.975
1.89143E-11,-124.875
4.71062E-11,-124.775
1.2266E-11,-124.675
1.36431E-11,-124.575
1.09394E-11,-124.475
5.14942E-11,-124.375
2.8023E-11,-124.275
2.51695E-11,-124.175
1.7225E-11,-124.075
2.71664E-11,-123.975
4.03359E-12,-123.875
1.70951E-11,-123.775
1.02859E-11,-123.675
1.55721E-11,-123.575
2.92184E-11,-123.475
1.88214E-11,-123.375
3.98348E-11,-123.275
3.00362E-11,-123.175
1.24024E-11,-123.075
2.978E-11,-122.975
1.93468E-11,-122.875
7.40223E-12,-122.775
2.55534E-11,-122.675
1.91468E-11,-122.575
3.58606E-11,-122.475
8.44961E-12,-122.375
3.20958E-11,-122.275
1.01156E-11,-122.175
4.24049E-11,-122.075
5.99179E-12,-121.975
1.04177E-11,-121.875
2.96749E-11,-121.775
3.63507E-12,-121.675
2.41316E-11,-121.575
8.05037E-12,-121.475
5.05197E-12,-121.375
2.27717E-11,-121.275
2.88228E-11,-121.175
4.54373E-11,-121.075
1.32341E-11,-120.975
1.2769E-11,-120.875
2.73401E-11,-120.775
4.67965E-12,-120.675
4.91948E-11,-120.575
2.35297E-11,-120.475
7.38652E-11,-120.375
8.00055E-12,-120.275
1.13424E-11,-120.175
1.62972E-11,-120.075
1.58418E-11,-119.975
1.28754E-11,-119.875
1.05575E-11,-119.775
2.45372E-11,-119.675
1.46141E-11,-119.575
2.45003E-11,-119.475
4.71342E-12,-119.375
2.71469E-11,-119.275
1.86237E-11,-119.175
2.14888E-11,-119.075
1.07178E-11,-118.975
2.38293E-11,-118.875
4.30697E-11,-118.775
2.5563E-11,-118.675
1.38639E-11,-118.575
6.12838E-12,-118.475
2.48656E-11,-118.375
2.76324E-11,-118.275
6.39743E-12,-118.175
1.93605E-11,-118.075
2.05026E-11,-117.975
3.19945E-11,-117.875
3.23071E-11,-117.775
1.42362E-11,-117.675
1.47247E-11,-117.575
1.48078E-11,-117.475
3.0209E-11,-117.375
1.18743E-11,-117.275
1.08234E-11,-117.175
2.45869E-11,-117.075
2.06431E-11,-116.975
2.65837E-11,-116.875
6.03865E-12,-116.775
1.80598E-11,-116.675
3.78851E-11,-116.575
5.34299E-11,-116.475
2.61377E-11,-116.375
4.73327E-11,-116.275
3.41921E-11,-116.175
1.48677E-11,-116.075
4.7529E-11,-115.975
1.13885E-11,-115.875
2.6055E-11,-115.775
4.51542E-11,-115.675
2.13881E-11,-115.575
3.1522E-11,-115.475
2.66978E-11,-115.375
1.60104E-11,-115.275
2.76059E-11,-115.175
1.59466E-11,-115.075
1.94977E-11,-114.975
4.25313E-12,-114.875
1.27157E-11,-114.775
1.58285E-11,-114.675
3.20012E-11,-114.575
4.62248E-12,-114.475
9.53696E-12,-114.375
9.90953E-12,-114.275
1.16846E-11,-114.175
2.7792E-11,-114.075
9.57374E-12,-113.975
2.17535E-11,-113.875
2.24255E-11,-113.775
1.43722E-11,-113.675
2.50177E-11,-113.575
3.59411E-11,-113.475
3.37774E-11,-113.375
9.71699E-12,-113.275
1.11624E-11,-113.175
2.1847E-11,-113.075
2.2218E-11,-112.975
2.50542E-11,-112.875
1.95131E-11,-112.775
1.907E-11,-112.675
1.09364E-11,-112.575
3.61838E-11,-112.475
1.5818E-11,-112.375
2.75591E-11,-112.275
3.30119E-11,-112.175
1.89713E-11,-112.075
4.66176E-11,-111.975
6.61986E-11,-111.875
1.61699E-11,-111.775
2.56301E-11,-111.675
4.25412E-11,-111.575
5.21527E-12,-111.475
5.73644E-12,-111.375
2.73594E-11,-111.275
2.01578E-11,-111.175
1.44114E-11,-111.075
5.88761E-11,-110.975
2.90735E-11,-110.875
2.87354E-11,-110.775
3.21976E-11,-110.675
3.80462E-11,-110.575
3.42222E-11,-110.475
1.74117E-11,-110.375
2.27883E-11,-110.275
2.49084E-11,-110.175
3.03467E-11,-110.075
2.50542E-11,-109.975
1.11705E-11,-109.875
7.40468E-12,-109.775
6.27464E-12,-109.675
4.5347E-12,-109.575
1.23923E-11,-109.475
2.2974E-11,-109.375
3.69214E-11,-109.275
3.91402E-11,-109.175
4.20393E-11,-109.075
1.84114E-11,-108.975
3.07941E-11,-108.875
2.31499E-11,-108.775
6.52274E-12,-108.675
7.13101E-12,-108.575
1.23004E-11,-108.475
2.39456E-11,-108.375
1.79359E-11,-108.275
3.67225E-11,-108.175
2.80482E-11,-108.075
1.40996E-11,-107.975
8.98807E-12,-107.875
2.89058E-11,-107.775
2.11119E-11,-107.675
4.51752E-11,-107.575
2.65447E-11,-107.475
9.64356E-12,-107.375
1.35532E-11,-107.275
2.61027E-11,-107.175
2.35393E-11,-107.075
1.7478E-11,-106.975
6.80023E-12,-106.875
1.13057E-11,-106.775
2.18951E-11,-106.675
2.97717E-11,-106.575
1.47709E-11,-106.475
8.679E-12,-106.375
1.04154E-11,-106.275
1.87913E-11,-106.175
1.95525E-11,-106.075
9.51226E-12,-105.975
4.59558E-11,-105.875
1.1744E-11,-105.775
1.37731E-11,-105.675
4.57366E-11,-105.575
1.04646E-11,-105.475
4.18847E-11,-105.375
4.39682E-11,-105.275
3.56118E-11,-105.175
4.50218E-11,-105.075
2.41583E-11,-104.975
4.59993E-11,-104.875
9.19517E-12,-104.775
1.19866E-11,-104.675
2.37303E-11,-104.575
2.4425E-11,-104.475
1.73161E-11,-104.375
8.75507E-12,-104.275
7.00964E-12,-104.175
3.74442E-11,-104.075
3.34516E-11,-103.975
2.0301E-11,-103.875
3.82757E-11,-103.775
2.7699E-11,-103.675
8.3297E-12,-103.575
4.70872E-12,-103.475
2.09291E-11,-103.375
4.21359E-11,-103.275
2.09551E-11,-103.175
2.98236E-11,-103.075
4.69327E-12,-102.975
1.89147E-11,-102.875
5.30811E-12,-102.775
4.38053E-11,-102.675
1.66457E-11,-102.575
2.54842E-11,-102.475
1.98916E-11,-102.375
2.29445E-11,-102.275
4.42705E-11,-102.175
3.29231E-11,-102.075
5.42937E-11,-101.975
2.649E-11,-101.875
4.68934E-11,-101.775
2.3769E-11,-101.675
8.35615E-12,-101.575
1.30843E-11,-101.475
2.39055E-11,-101.375
2.68026E-11,-101.275
3.6779E-11,-101.175
3.67256E-11,-101.075
1.53659E-11,-100.975
3.94825E-11,-100.875
5.62027E-12,-100.775
2.42843E-11,-100.675
3.83795E-11,-100.575
2.61468E-11,-100.475
2.38626E-11,-100.375
3.19435E-11,-100.275
2.93298E-11,-100.175
2.88023E-11,-100.075
4.56935E-11,-99.975
3.69385E-11,-99.875
1.69189E-11,-99.775
3.14822E-11,-99.675
3.09286E-12,-99.575
2.53766E-11,-99.475
2.57052E-11,-99.375
1.77207E-11,-99.275
2.44639E-11,-99.175
2.42599E-11,-99.075
3.68421E-11,-98.975
6.451E-12,-98.875
1.20402E-11,-98.775
9.5406E-12,-98.675
6.85632E-12,-98.575
4.62386E-11,-98.475
2.26084E-11,-98.375
2.03094E-11,-98.275
1.91511E-11,-98.175
4.71064E-11,-98.075
1.07534E-11,-97.975
2.01897E-11,-97.875
2.38092E-11,-97.775
2.47459E-11,-97.675
3.25864E-11,-97.575
1.66653E-11,-97.475
8.07022E-12,-97.375
3.74275E-11,-97.275
3.00909E-11,-97.175
1.57709E-11,-97.075
2.93314E-11,-96.975
4.12841E-11,-96.875
1.44582E-11,-96.775
1.53588E-11,-96.675
3.30187E-11,-96.575
4.73889E-11,-96.475
2.14441E-11,-96.375
3.90447E-12,-96.275
7.34846E-12,-96.175
3.46644E-11,-96.075
1.64463E-11,-95.975
2.54788E-11,-95.875
2.45792E-11,-95.775
1.90839E-11,-95.675
2.53944E-11,-95.575
2.32202E-11,-95.475
1.07567E-11,-95.375
4.20425E-11,-95.275
1.62765E-11,-95.175
1.07768E-11,-95.075
1.2774E-11,-94.975
4.17698E-11,-94.875
1.54251E-11,-94.775
4.06028E-11,-94.675
2.70697E-11,-94.575
2.94113E-11,-94.475
1.43329E-11,-94.375
3.00228E-11,-94.275
2.04928E-11,-94.175
4.13275E-11,-94.075
1.32372E-11,-93.975
2.71336E-11,-93.875
4.83304E-12,-93.775
6.69685E-12,-93.675
8.27667E-12,-93.575
4.25315E-11,-93.475
1.47411E-11,-93.375
3.03583E-11,-93.275
1.16018E-11,-93.175
4.77951E-11,-93.075
3.93063E-12,-92.975
4.66907E-11,-92.875
1.73121E-11,-92.775
1.43785E-11,-92.675
1.18772E-11,-92.575
8.54026E-12,-92.475
1.97785E-11,-92.375
3.41686E-11,-92.275
8.53608E-12,-92.175
2.16475E-11,-92.075
1.86483E-11,-91.975
4.37729E-12,-91.875
2.8412E-11,-91.775
6.47408E-12,-91.675
3.21375E-11,-91.575
2.82447E-11,-91.475
3.77702E-11,-91.375
6.13821E-12,-91.275
4.34489E-11,-91.175
6.9355E-11,-91.075
2.79872E-11,-90.975
2.68172E-11,-90.875
4.39048E-11,-90.775
3.05142E-11,-90.675
3.935E-11,-90.575
4.1874E-12,-90.475
1.33688E-11,-90.375
1.22199E-11,-90.275
4.1763E-11,-90.175
3.48967E-11,-90.075
2.9387E-11,-89.975
3.66985E-11,-89.875
2.34662E-11,-89.775
2.15976E-11,-89.675
1.90274E-11,-89.575
7.05362E-12,-89.475
2.57968E-11,-89.375
8.41615E-12,-89.275
2.93881E-11,-89.175
1.75897E-11,-89.075
1.99284E-11,-88.975
1.07336E-11,-88.875
4.16935E-11,-88.775
1.07301E-11,-88.675
1.66959E-11,-88.575
3.02557E-11,-88.475
3.06707E-11,-88.375
1.89771E-11,-88.275
1.0213E-11,-88.175
8.05043E-12,-88.075
1.10095E-11,-87.975
5.58672E-12,-87.875
1.74232E-11,-87.775
9.66354E-12,-87.675
4.15803E-11,-87.575
4.19197E-11,-87.475
1.86284E-11,-87.375
6.05512E-12,-87.275
3.52196E-11,-87.175
3.09735E-11,-87.075
1.15982E-11,-86.975
3.00992E-11,-86.875
1.38095E-11,-86.775
1.3132E-11,-86.675
8.07406E-12,-86.575
9.13565E-11,-86.475
1.002E-11,-86.375
1.3759E-11,-86.275
5.88905E-12,-86.175
2.40881E-11,-86.075
2.59725E-11,-85.975
2.11611E-11,-85.875
1.65427E-11,-85.775
1.50508E-11,-85.675
2.5695E-11,-85.575
2.29242E-11,-85.475
1.24423E-11,-85.375
3.77498E-11,-85.275
5.03584E-12,-85.175
1.45712E-11,-85.075
4.35224E-11,-84.975
2.49392E-11,-84.875
2.53477E-11,-84.775
4.16003E-11,-84.675
1.99777E-11,-84.575
2.64253E-11,-84.475
2.46995E-11,-84.375
2.23625E-11,-84.275
2.7689E-11,-84.175
2.7206E-11,-84.075
1.61445E-11,-83.975
2.28008E-11,-83.875
3.7145E-11,-83.775
3.34844E-11,-83.675
8.4999E-12,-83.575
1.29248E-11,-83.475
1.5247E-11,-83.375
2.1255E-11,-83.275
3.86819E-11,-83.175
4.16771E-11,-83.075
1.7421E-11,-82.975
1.62131E-11,-82.875
2.85968E-11,-82.775
2.12948E-11,-82.675
2.98891E-11,-82.575
2.09923E-11,-82.475
1.3155E-11,-82.375
1.57284E-11,-82.275
2.35832E-11,-82.175
1.00989E-11,-82.075
6.53933E-12,-81.975
2.63255E-11,-81.875
1.112E-11,-81.775
1.76106E-11,-81.675
7.55153E-12,-81.575
1.10604E-11,-81.475
2.12048E-11,-81.375
1.42193E-11,-81.275
9.63631E-12,-81.175
1.07137E-11,-81.075
3.88909E-11,-80.975
9.30869E-12,-80.875
1.28758E-11,-80.775
4.68323E-12,-80.675
1.95292E-11,-80.575
2.58094E-11,-80.475
1.04478E-11,-80.375
3.52129E-11,-80.275
2.23883E-11,-80.175
6.71035E-12,-80.075
1.60339E-11,-79.975
1.13866E-11,-79.875
1.44877E-11,-79.775
1.50336E-11,-79.675
1.70031E-11,-79.575
1.8026E-11,-79.475
2.69729E-11,-79.375
1.92637E-11,-79.275
1.39825E-11,-79.175
3.55118E-11,-79.075
5.88123E-11,-78.975
3.64136E-11,-78.875
4.35117E-11,-78.775
1.807E-11,-78.675
4.17234E-11,-78.575
3.44946E-11,-78.475
2.30942E-11,-78.375
1.43726E-11,-78.275
8.08037E-12,-78.175
1.99941E-11,-78.075
1.31788E-11,-77.975
2.74641E-11,-77.875
5.14438E-11,-77.775
5.39065E-12,-77.675
5.97549E-12,-77.575
2.86133E-11,-77.475
4.01601E-11,-77.375
6.21236E-11,-77.275
8.25229E-11,-77.175
2.64281E-11,-77.075
4.39684E-11,-76.975
4.79284E-11,-76.875
5.29385E-11,-76.775
6.14584E-11,-76.675
1.4306E-11,-76.575
4.4359E-12,-76.475
4.67341E-11,-76.375
2.36292E-11,-76.275
2.82047E-11,-76.175
2.2582E-11,-76.075
5.88926E-12,-75.975
8.41293E-12,-75.875
2.12178E-11,-75.775
1.63128E-11,-75.675
1.00493E-11,-75.575
2.1912E-11,-75.475
4.81148E-11,-75.375
3.12365E-11,-75.275
2.91387E-11,-75.175
3.18551E-11,-75.075
9.61993E-12,-74.975
1.47643E-11,-74.875
1.12592E-11,-74.775
2.76588E-11,-74.675
3.35674E-11,-74.575
2.26778E-11,-74.475
1.72169E-11,-74.375
3.31119E-11,-74.275
1.50259E-11,-74.175
4.05895E-11,-74.075
2.2668E-11,-73.975
7.89429E-12,-73.875
1.6333E-11,-73.775
2.51754E-11,-73.675
4.28174E-11,-73.575
1.12683E-11,-73.475
3.5319E-11,-73.375
5.76614E-12,-73.275
3.69174E-12,-73.175
1.00458E-11,-73.075
6.71693E-12,-72.975
3.95825E-11,-72.875
1.76267E-11,-72.775
1.53191E-11,-72.675
9.86969E-12,-72.575
2.35994E-11,-72.475
1.16807E-11,-72.375
2.987E-11,-72.275
6.17518E-11,-72.175
3.99861E-11,-72.075
3.07542E-11,-71.975
2.32972E-11,-71.875
4.81689E-11,-71.775
2.25557E-11,-71.675
7.90396E-12,-71.575
8.84198E-12,-71.475
2.10006E-11,-71.375
4.73393E-11,-71.275
2.58098E-11,-71.175
4.837E-11,-71.075
3.13996E-11,-70.975
1.84438E-11,-70.875
7.94714E-12,-70.775
1.9314E-11,-70.675
4.06128E-11,-70.575
5.52001E-12,-70.475
2.37478E-11,-70.375
2.53946E-11,-70.275
2.51642E-11,-70.175
2.09289E-11,-70.075
9.35439E-12,-69.975
2.70638E-11,-69.875
4.81874E-11,-69.775
4.89553E-11,-69.675
6.95978E-11,-69.575
1.718E-11,-69.475
4.97679E-12,-69.375
8.67892E-12,-69.275
2.46766E-11,-69.175
1.06672E-11,-69.075
3.39961E-11,-68.975
4.61056E-11,-68.875
3.06868E-11,-68.775
5.60591E-11,-68.675
2.6811E-11,-68.575
2.4062E-11,-68.475
2.3267E-11,-68.375
3.40991E-11,-68.275
3.99445E-11,-68.175
1.30242E-11,-68.075
1.16808E-11,-67.975
1.88684E-11,-67.875
1.92768E-11,-67.775
2.15994E-11,-67.675
1.72083E-11,-67.575
1.42716E-11,-67.475
2.79418E-11,-67.375
2.90458E-11,-67.275
2.28645E-11,-67.175
1.30942E-11,-67.075
1.32776E-11,-66.975
1.27548E-11,-66.875
3.27068E-11,-66.775
3.45644E-11,-66.675
2.79209E-11,-66.575
2.30659E-11,-66.475
5.59394E-11,-66.375
2.20801E-11,-66.275
1.69388E-11,-66.175
2.05495E-11,-66.075
5.08668E-11,-65.975
1.70386E-11,-65.875
2.519E-11,-65.775
1.96169E-11,-65.675
2.7461E-10,-65.575
2.59987E-10,-65.475
3.13188E-10,-65.375
5.75703E-10,-65.275
1.05344E-10,-65.175
3.11583E-10,-65.075
5.23667E-11,-64.975
3.35236E-11,-64.875
1.87489E-11,-64.775
3.13205E-11,-64.675
4.56767E-11,-64.575
4.16702E-11,-64.475
1.22831E-11,-64.375
1.58276E-11,-64.275
7.8097E-12,-64.175
2.69738E-11,-64.075
9.128E-12,-63.975
2.38255E-11,-63.875
4.13575E-11,-63.775
2.32821E-11,-63.675
2.07431E-11,-63.575
2.31438E-11,-63.475
4.4407E-11,-63.375
5.46082E-10,-63.275
7.39654E-10,-63.175
3.20605E-11,-63.075
5.77223E-11,-62.975
2.44932E-11,-62.875
5.98954E-11,-62.775
2.77653E-11,-62.675
2.17302E-11,-62.575
3.81255E-11,-62.475
2.14211E-11,-62.375
3.45646E-11,-62.275
2.11733E-11,-62.175
2.6488E-11,-62.075
3.61871E-11,-61.975
9.99676E-11,-61.875
2.36429E-11,-61.775
2.5667E-11,-61.675
2.14774E-11,-61.575
2.90921E-11,-61.475
1.65373E-11,-61.375
7.03963E-12,-61.275
6.44719E-12,-61.175
6.63386E-12,-61.075
3.47705E-11,-60.975
3.42355E-11,-60.875
1.7351E-11,-60.775
7.3284E-12,-60.675
1.63437E-11,-60.575
3.94843E-11,-60.475
4.71975E-11,-60.375
1.77741E-11,-60.275
1.04479E-11,-60.175
2.74625E-11,-60.075
3.44683E-11,-59.975
7.61828E-12,-59.875
3.99179E-11,-59.775
1.86025E-11,-59.675
3.2889E-11,-59.575
1.50466E-11,-59.475
2.82379E-11,-59.375
2.81977E-11,-59.275
2.22359E-11,-59.175
4.7602E-11,-59.075
3.98776E-11,-58.975
4.5803E-11,-58.875
3.70018E-11,-58.775
2.96038E-11,-58.675
3.45744E-11,-58.575
4.89224E-11,-58.475
1.26092E-11,-58.375
1.77869E-11,-58.275
1.56314E-11,-58.175
4.50584E-11,-58.075
2.30397E-10,-57.975
4.03295E-10,-57.875
1.1134E-10,-57.775
3.43413E-11,-57.675
4.57298E-11,-57.575
4.39051E-11,-57.475
2.82411E-11,-57.375
3.49799E-11,-57.275
5.95746E-11,-57.175
7.89769E-11,-57.075
3.91066E-11,-56.975
1.96591E-11,-56.875
2.86468E-11,-56.775
2.07063E-11,-56.675
1.31839E-11,-56.575
2.43309E-11,-56.475
6.17992E-11,-56.375
2.84133E-11,-56.275
1.14482E-11,-56.175
4.78247E-11,-56.075
1.5712E-11,-55.975
1.1738E-11,-55.875
2.46134E-11,-55.775
4.21658E-11,-55.675
1.16725E-10,-55.575
1.06343E-09,-55.475
2.57052E-09,-55.375
1.20694E-10,-55.275
2.20981E-11,-55.175
2.81754E-11,-55.075
4.63319E-11,-54.975
3.75249E-10,-54.875
3.25261E-10,-54.775
3.78523E-11,-54.675
2.84129E-11,-54.575
3.54057E-11,-54.475
9.33126E-12,-54.375
1.73978E-11,-54.275
3.41194E-11,-54.175
1.25024E-11,-54.075
1.17313E-11,-53.975
1.47876E-11,-53.875
3.36271E-11,-53.775
1.21298E-11,-53.675
4.46429E-11,-53.575
1.66554E-11,-53.475
2.13629E-11,-53.375
9.14814E-11,-53.275
1.70011E-11,-53.175
1.90065E-11,-53.075
7.47272E-11,-52.975
3.02636E-11,-52.875
3.36736E-11,-52.775
4.42242E-11,-52.675
1.54719E-11,-52.575
2.82438E-11,-52.475
2.54926E-11,-52.375
8.10822E-11,-52.275
7.76321E-11,-52.175
2.30675E-11,-52.075
5.51796E-11,-51.975
4.99302E-11,-51.875
8.4272E-11,-51.775
1.29977E-10,-51.675
3.37947E-11,-51.575
2.5887E-11,-51.475
9.39916E-11,-51.375
3.77135E-11,-51.275
9.95298E-12,-51.175
4.66443E-11,-51.075
8.13367E-11,-50.975
2.44689E-11,-50.875
4.68971E-11,-50.775
9.31539E-11,-50.675
1.4302E-10,-50.575
7.09818E-10,-50.475
4.79383E-09,-50.375
1.31838E-09,-50.275
2.02562E-10,-50.175
5.44336E-11,-50.075
3.3406E-11,-49.975
5.54642E-11,-49.875
1.0484E-10,-49.775
5.81314E-11,-49.675
4.86963E-11,-49.575
5.5877E-11,-49.475
6.88478E-11,-49.375
2.00933E-10,-49.275
1.5521E-10,-49.175
6.0508E-11,-49.075
1.25715E-10,-48.975
1.49462E-10,-48.875
2.07226E-09,-48.775
5.65699E-09,-48.675
8.14262E-10,-48.575
1.26928E-10,-48.475
1.44952E-10,-48.375
6.98559E-11,-48.275
4.36114E-11,-48.175
9.29837E-11,-48.075
4.74025E-11,-47.975
4.10711E-11,-47.875
5.54873E-11,-47.775
5.86747E-11,-47.675
8.15425E-11,-47.575
1.44211E-10,-47.475
5.77422E-11,-47.375
5.70812E-11,-47.275
2.22861E-11,-47.175
4.29798E-11,-47.075
4.25783E-11,-46.975
3.53059E-11,-46.875
3.13701E-11,-46.775
3.44648E-11,-46.675
2.71758E-11,-46.575
4.94417E-11,-46.475
5.86269E-11,-46.375
1.73874E-11,-46.275
3.2078E-11,-46.175
4.845E-11,-46.075
3.29624E-11,-45.975
7.63764E-11,-45.875
3.13992E-11,-45.775
5.87768E-11,-45.675
3.30129E-11,-45.575
2.60726E-11,-45.475
4.21199E-11,-45.375
6.17469E-12,-45.275
9.01694E-11,-45.175
5.00681E-11,-45.075
3.49673E-11,-44.975
4.71128E-11,-44.875
2.97057E-11,-44.775
4.65345E-11,-44.675
3.17685E-11,-44.575
2.62082E-11,-44.475
3.0667E-11,-44.375
4.92902E-11,-44.275
5.38355E-11,-44.175
2.34092E-11,-44.075
3.10264E-11,-43.975
2.28624E-11,-43.875
2.61202E-11,-43.775
1.60746E-11,-43.675
2.01267E-11,-43.575
7.89916E-11,-43.475
7.03162E-11,-43.375
2.97879E-11,-43.275
4.87085E-11,-43.175
5.03411E-11,-43.075
1.25258E-11,-42.975
2.9667E-11,-42.875
3.3607E-11,-42.775
4.92029E-11,-42.675
4.99496E-11,-42.575
8.64776E-11,-42.475
1.64031E-11,-42.375
1.13809E-10,-42.275
7.3947E-11,-42.175
5.88784E-11,-42.075
4.70301E-11,-41.975
8.39167E-11,-41.875
2.6712E-11,-41.775
2.55974E-11,-41.675
3.6812E-11,-41.575
3.68011E-11,-41.475
1.93102E-10,-41.375
1.33611E-10,-41.275
7.30688E-11,-41.175
1.17577E-10,-41.075
1.43377E-10,-40.975
4.80658E-11,-40.875
3.56279E-11,-40.775
2.81416E-11,-40.675
5.54316E-10,-40.575
5.11851E-10,-40.475
1.3825E-10,-40.375
2.4573E-11,-40.275
4.45639E-12,-40.175
2.32036E-11,-40.075
3.81489E-11,-39.975
7.74453E-11,-39.875
2.72687E-09,-39.775
1.24488E-09,-39.675
1.30026E-10,-39.575
7.95502E-11,-39.475
6.37991E-11,-39.375
1.1899E-10,-39.275
8.0625E-11,-39.175
2.45098E-11,-39.075
3.53198E-11,-38.975
4.89686E-11,-38.875
3.68153E-11,-38.775
3.65129E-11,-38.675
2.53573E-11,-38.575
4.10483E-11,-38.475
2.75144E-11,-38.375
4.74173E-11,-38.275
4.87605E-11,-38.175
6.02876E-11,-38.075
2.76503E-11,-37.975
6.89486E-11,-37.875
4.49239E-11,-37.775
1.28924E-10,-37.675
1.04552E-10,-37.575
4.44567E-11,-37.475
5.38778E-12,-37.375
5.04146E-11,-37.275
6.73712E-11,-37.175
6.52605E-11,-37.075
7.13539E-11,-36.975
1.83091E-11,-36.875
4.38679E-11,-36.775
3.95159E-11,-36.675
2.42313E-11,-36.575
2.73697E-11,-36.475
3.12929E-11,-36.375
2.64351E-11,-36.275
4.13974E-11,-36.175
3.03482E-11,-36.075
2.71575E-11,-35.975
3.50188E-11,-35.875
4.90163E-11,-35.775
7.35745E-11,-35.675
2.4459E-11,-35.575
3.31851E-11,-35.475
4.14392E-11,-35.375
6.02695E-11,-35.275
7.91929E-11,-35.175
1.86262E-11,-35.075
7.28636E-11,-34.975
4.64678E-11,-34.875
6.83893E-11,-34.775
7.11343E-11,-34.675
9.97794E-11,-34.575
2.69369E-11,-34.475
6.29402E-11,-34.375
4.45466E-11,-34.275
2.4073E-11,-34.175
5.67726E-11,-34.075
1.3942E-10,-33.975
1.71197E-11,-33.875
2.87186E-11,-33.775
8.78523E-11,-33.675
2.89368E-11,-33.575
1.65756E-11,-33.475
6.77776E-11,-33.375
1.0782E-10,-33.275
3.72376E-11,-33.175
4.35766E-11,-33.075
3.90402E-11,-32.975
1.78065E-11,-32.875
3.52882E-11,-32.775
8.36954E-11,-32.675
2.9668E-11,-32.575
3.92966E-11,-32.475
4.93565E-11,-32.375
3.06686E-11,-32.275
6.83904E-11,-32.175
6.08139E-11,-32.075
3.93662E-11,-31.975
2.92272E-11,-31.875
7.51362E-11,-31.775
1.72009E-10,-31.675
2.54267E-11,-31.575
7.67649E-11,-31.475
2.78817E-11,-31.375
3.85329E-11,-31.275
3.27922E-11,-31.175
1.56357E-11,-31.075
8.9695E-11,-30.975
2.34608E-11,-30.875
3.22844E-11,-30.775
1.59001E-10,-30.675
9.3649E-11,-30.575
4.39063E-11,-30.475
5.99474E-11,-30.375
1.51571E-11,-30.275
4.06394E-11,-30.175
4.65848E-11,-30.075
2.53417E-11,-29.975
1.40048E-10,-29.875
3.5445E-11,-29.775
1.66543E-10,-29.675
7.59342E-11,-29.575
4.19495E-11,-29.475
3.01264E-11,-29.375
6.58241E-11,-29.275
5.56183E-11,-29.175
7.96507E-11,-29.075
9.31768E-11,-28.975
2.81913E-11,-28.875
1.50238E-10,-28.775
3.93984E-11,-28.675
6.00665E-11,-28.575
1.93544E-10,-28.475
3.04815E-11,-28.375
3.15686E-11,-28.275
3.77955E-11,-28.175
7.57719E-11,-28.075
8.18284E-11,-27.975
9.86264E-11,-27.875
1.10296E-10,-27.775
5.43464E-11,-27.675
1.27158E-10,-27.575
9.92697E-11,-27.475
1.10564E-10,-27.375
1.35717E-10,-27.275
1.56434E-10,-27.175
1.35506E-10,-27.075
1.15337E-10,-26.975
1.09969E-10,-26.875
1.94342E-10,-26.775
1.393E-10,-26.675
7.05707E-11,-26.575
1.33525E-10,-26.475
1.18479E-10,-26.375
1.6731E-10,-26.275
3.99054E-11,-26.175
1.18922E-10,-26.075
9.51571E-11,-25.975
3.67492E-11,-25.875
5.83898E-11,-25.775
8.91601E-11,-25.675
1.30452E-10,-25.575
2.10052E-10,-25.475
1.04432E-10,-25.375
9.97797E-11,-25.275
9.09986E-11,-25.175
3.37992E-10,-25.075
1.24963E-10,-24.975
2.03802E-10,-24.875
1.00026E-10,-24.775
2.03259E-10,-24.675
1.59174E-10,-24.575
2.31365E-10,-24.475
1.76813E-10,-24.375
2.26471E-10,-24.275
4.3256E-10,-24.175
4.60707E-10,-24.075
1.73591E-10,-23.975
1.54413E-10,-23.875
1.56741E-10,-23.775
1.99251E-10,-23.675
1.04179E-10,-23.575
7.66977E-11,-23.475
1.0975E-10,-23.375
3.71639E-10,-23.275
2.22144E-10,-23.175
1.45562E-10,-23.075
6.80365E-10,-22.975
3.38021E-10,-22.875
5.12916E-11,-22.775
3.58977E-11,-22.675
8.55096E-11,-22.575
1.19882E-10,-22.475
2.61122E-10,-22.375
3.37342E-10,-22.275
2.27848E-10,-22.175
1.20463E-10,-22.075
5.56621E-10,-21.975
3.79649E-10,-21.875
5.84278E-10,-21.775
5.81711E-10,-21.675
8.51729E-11,-21.575
2.37054E-10,-21.475
2.65426E-10,-21.375
3.02452E-10,-21.275
9.48939E-10,-21.175
3.81428E-10,-21.075
4.52336E-10,-21.05
3.87985E-10,-21.025
2.76916E-10,-21
6.54789E-10,-20.975
9.14325E-10,-20.95
8.63582E-10,-20.925
7.31582E-10,-20.9
5.12422E-10,-20.875
4.02856E-10,-20.85
7.28718E-10,-20.825
6.18E-10,-20.8
5.51212E-10,-20.775
7.30621E-10,-20.75
4.11575E-10,-20.725
4.52451E-10,-20.7
3.73116E-10,-20.675
1.66361E-10,-20.65
1.29423E-10,-20.625
1.50601E-10,-20.6
1.43344E-10,-20.575
1.59697E-10,-20.55
1.1758E-10,-20.525
1.68597E-10,-20.5
3.69573E-10,-20.475
7.44691E-10,-20.45
8.45812E-10,-20.425
1.24157E-09,-20.4
1.1669E-09,-20.375
1.67639E-09,-20.35
1.14446E-09,-20.325
9.20802E-10,-20.3
5.25504E-10,-20.275
5.07015E-10,-20.25
1.11306E-09,-20.225
5.13219E-10,-20.2
6.56861E-10,-20.175
6.88542E-10,-20.15
1.33867E-09,-20.125
1.25047E-09,-20.1
1.74695E-09,-20.075
2.43773E-09,-20.05
1.44687E-09,-20.025
1.12875E-09,-20
8.18173E-10,-19.975
3.45595E-10,-19.95
2.8793E-10,-19.925
4.63558E-10,-19.9
8.11125E-10,-19.875
9.66414E-10,-19.85
8.97986E-10,-19.825
7.98292E-10,-19.8
4.47236E-10,-19.775
2.47566E-10,-19.75
4.08345E-10,-19.725
2.49109E-10,-19.7
2.48201E-10,-19.675
4.20799E-10,-19.65
2.82988E-10,-19.625
7.82323E-10,-19.6
1.3074E-09,-19.575
1.14946E-09,-19.55
7.0991E-10,-19.525
5.11361E-10,-19.5
8.28815E-10,-19.475
4.72199E-10,-19.45
5.69157E-10,-19.425
1.01953E-09,-19.4
1.17587E-09,-19.375
1.07546E-09,-19.35
7.43004E-10,-19.325
8.66484E-10,-19.3
7.83423E-10,-19.275
8.08576E-10,-19.25
5.23794E-10,-19.225
4.46187E-10,-19.2
5.08436E-10,-19.175
6.11926E-10,-19.15
8.80871E-10,-19.125
9.61761E-10,-19.1
9.9828E-10,-19.075
4.54175E-10,-19.05
3.13578E-10,-19.025
1.64463E-10,-19
2.30868E-10,-18.975
3.95243E-10,-18.95
5.3125E-10,-18.925
7.31385E-10,-18.9
1.17444E-09,-18.875
7.68464E-10,-18.85
4.87584E-10,-18.825
4.90617E-10,-18.8
9.92446E-10,-18.775
6.21045E-10,-18.75
1.18461E-09,-18.725
4.11103E-09,-18.7
6.90518E-09,-18.675
1.48706E-08,-18.65
1.49165E-08,-18.625
2.04038E-08,-18.6
1.24393E-08,-18.575
8.47788E-09,-18.55
6.70612E-09,-18.525
3.27622E-09,-18.5
3.02891E-09,-18.475
1.14943E-09,-18.45
8.1202E-10,-18.425
7.68819E-10,-18.4
5.78561E-10,-18.375
4.79409E-10,-18.35
5.42753E-10,-18.325
5.9785E-10,-18.3
5.55392E-10,-18.275
1.15344E-09,-18.25
1.98381E-09,-18.225
1.02496E-09,-18.2
1.34077E-09,-18.175
1.23591E-09,-18.15
7.43584E-10,-18.125
8.44E-10,-18.1
8.57981E-10,-18.075
1.30774E-09,-18.05
1.13548E-09,-18.025
8.15979E-10,-18
6.95218E-10,-17.975
8.21556E-10,-17.95
6.61116E-10,-17.925
1.45529E-09,-17.9
9.76804E-10,-17.875
1.4705E-09,-17.85
7.73198E-10,-17.825
9.32876E-10,-17.8
1.21586E-09,-17.775
5.98234E-10,-17.75
1.39503E-09,-17.725
8.29668E-10,-17.7
5.09738E-10,-17.675
9.12148E-10,-17.65
9.01972E-10,-17.625
1.34393E-09,-17.6
1.01804E-09,-17.575
7.87355E-10,-17.55
9.37533E-10,-17.525
9.60469E-10,-17.5
9.67241E-10,-17.475
1.38508E-09,-17.45
7.6377E-10,-17.425
7.42581E-10,-17.4
1.24659E-09,-17.375
1.9776E-09,-17.35
1.14054E-09,-17.325
8.0813E-10,-17.3
1.0733E-09,-17.275
1.32182E-09,-17.25
2.25976E-09,-17.225
2.70424E-09,-17.2
1.82827E-09,-17.175
1.40611E-09,-17.15
1.29267E-09,-17.125
9.80138E-10,-17.1
1.2022E-09,-17.075
1.02508E-09,-17.05
7.41843E-10,-17.025
6.17566E-10,-17
1.01022E-09,-16.975
1.1619E-09,-16.95
1.28089E-09,-16.925
1.58263E-09,-16.9
3.05756E-09,-16.875
3.65106E-09,-16.85
3.17311E-09,-16.825
4.07632E-09,-16.8
2.72092E-09,-16.775
2.79215E-09,-16.75
1.53053E-09,-16.725
8.60208E-10,-16.7
1.053E-09,-16.675
8.41156E-10,-16.65
1.14554E-09,-16.625
6.98697E-10,-16.6
6.4925E-10,-16.575
2.46856E-09,-16.55
4.75567E-09,-16.525
3.98825E-09,-16.5
3.6493E-09,-16.475
2.61539E-09,-16.45
2.73811E-09,-16.425
2.98521E-09,-16.4
2.11162E-09,-16.375
1.46082E-09,-16.35
9.59934E-10,-16.325
9.43256E-10,-16.3
1.21576E-09,-16.275
4.41418E-10,-16.25
9.87983E-10,-16.225
1.21361E-09,-16.2
1.2694E-09,-16.175
6.49377E-10,-16.15
1.35861E-09,-16.125
2.09485E-09,-16.1
2.97553E-09,-16.075
5.16338E-09,-16.05
5.73385E-09,-16.025
5.96104E-09,-16
6.29372E-09,-15.975
3.83739E-09,-15.95
3.82881E-09,-15.925
2.15618E-09,-15.9
1.34247E-09,-15.875
7.5642E-10,-15.85
4.16629E-10,-15.825
2.9866E-10,-15.8
3.35139E-10,-15.775
6.71507E-10,-15.75
4.12568E-09,-15.725
1.04718E-08,-15.7
1.0131E-08,-15.675
1.28181E-08,-15.65
1.38273E-08,-15.625
6.31675E-09,-15.6
7.68997E-09,-15.575
3.58643E-09,-15.55
3.61232E-09,-15.525
4.21919E-09,-15.5
6.17983E-09,-15.475
3.75956E-09,-15.45
3.89398E-09,-15.425
2.44505E-09,-15.4
2.72489E-09,-15.375
1.59074E-09,-15.35
1.23799E-09,-15.325
1.63998E-09,-15.3
1.7519E-09,-15.275
1.40878E-09,-15.25
8.71427E-10,-15.225
9.62715E-10,-15.2
1.68197E-09,-15.175
1.55355E-09,-15.15
2.19914E-09,-15.125
2.79606E-09,-15.1
2.00836E-09,-15.075
1.2735E-09,-15.05
1.18262E-09,-15.025
1.72848E-09,-15
2.08069E-09,-14.975
2.13478E-09,-14.95
2.97901E-09,-14.925
4.77195E-09,-14.9
5.08709E-09,-14.875
1.20722E-08,-14.85
1.42568E-08,-14.825
1.67005E-08,-14.8
1.75211E-08,-14.775
2.17971E-08,-14.75
2.52304E-08,-14.725
3.00968E-08,-14.7
2.41058E-08,-14.675
2.03689E-08,-14.65
1.20363E-08,-14.625
5.31983E-09,-14.6
3.46649E-09,-14.575
2.21753E-09,-14.55
1.63211E-09,-14.525
2.63268E-09,-14.5
2.44502E-09,-14.475
2.23356E-09,-14.45
1.34869E-09,-14.425
2.08629E-09,-14.4
2.47977E-09,-14.375
3.58294E-09,-14.35
4.42575E-09,-14.325
6.7987E-09,-14.3
5.30531E-09,-14.275
6.33575E-09,-14.25
5.92233E-09,-14.225
2.84875E-09,-14.2
2.21321E-09,-14.175
1.62195E-09,-14.15
1.02054E-09,-14.125
5.70139E-10,-14.1
2.00021E-09,-14.075
4.53228E-09,-14.05
7.65964E-09,-14.025
4.06678E-09,-14
6.86703E-09,-13.975
8.99375E-09,-13.95
9.68145E-09,-13.925
1.21004E-08,-13.9
1.55761E-08,-13.875
1.16389E-08,-13.85
9.56057E-09,-13.825
5.74783E-09,-13.8
4.87906E-09,-13.775
1.12517E-08,-13.75
2.09886E-08,-13.725
1.77953E-08,-13.7
2.27656E-08,-13.675
1.70618E-08,-13.65
1.03008E-08,-13.625
4.9839E-09,-13.6
1.89783E-09,-13.575
5.40296E-09,-13.55
5.20211E-09,-13.525
5.51235E-09,-13.5
6.46712E-09,-13.475
7.45812E-09,-13.45
9.12025E-09,-13.425
9.65808E-09,-13.4
1.00653E-08,-13.375
1.3961E-08,-13.35
1.55988E-08,-13.325
1.63913E-08,-13.3
1.21812E-08,-13.275
1.47505E-08,-13.25
1.24214E-08,-13.225
1.67464E-08,-13.2
2.93462E-08,-13.175
3.76543E-08,-13.15
3.57338E-08,-13.125
3.25522E-08,-13.1
4.10169E-08,-13.075
1.75156E-08,-13.05
1.18885E-08,-13.025
1.08206E-08,-13
4.26977E-09,-12.975
5.71486E-09,-12.95
6.46149E-09,-12.925
7.64604E-09,-12.9
1.68153E-08,-12.875
2.92066E-08,-12.85
2.85533E-08,-12.825
2.34777E-08,-12.8
1.77836E-08,-12.775
1.34074E-08,-12.75
1.04995E-08,-12.725
8.43732E-09,-12.7
5.46817E-09,-12.675
4.06741E-09,-12.65
4.61038E-09,-12.625
4.01239E-09,-12.6
5.76869E-09,-12.575
7.89921E-09,-12.55
7.25036E-09,-12.525
9.5805E-09,-12.5
7.91644E-09,-12.475
7.43316E-09,-12.45
5.64629E-09,-12.425
4.24671E-09,-12.4
2.62222E-09,-12.375
2.58902E-09,-12.35
3.13295E-09,-12.325
3.15065E-09,-12.3
2.76129E-09,-12.275
3.37993E-09,-12.25
3.73975E-09,-12.225
1.8781E-08,-12.2
3.16977E-08,-12.175
3.72348E-08,-12.15
4.47367E-08,-12.125
3.9226E-08,-12.1
4.3722E-08,-12.075
3.79768E-08,-12.05
3.68985E-08,-12.025
3.61863E-08,-12
2.5956E-08,-11.975
1.22442E-08,-11.95
1.52556E-08,-11.925
1.53589E-08,-11.9
1.36778E-08,-11.875
1.21999E-08,-11.85
9.91552E-09,-11.825
7.44028E-09,-11.8
8.15313E-09,-11.775
1.13317E-08,-11.75
1.87523E-08,-11.725
2.17036E-08,-11.7
2.93424E-08,-11.675
3.41747E-08,-11.65
3.30622E-08,-11.625
3.53134E-08,-11.6
3.13191E-08,-11.575
2.17456E-08,-11.55
1.55934E-08,-11.525
2.63855E-08,-11.5
3.16981E-08,-11.475
4.53679E-08,-11.45
7.8673E-08,-11.425
7.32774E-08,-11.4
6.96471E-08,-11.375
6.79389E-08,-11.35
5.148E-08,-11.325
3.6932E-08,-11.3
2.61971E-08,-11.275
2.12126E-08,-11.25
2.19639E-08,-11.225
2.44995E-08,-11.2
2.35022E-08,-11.175
1.50422E-08,-11.15
1.29324E-08,-11.125
1.25936E-08,-11.1
9.87008E-09,-11.075
1.30402E-08,-11.05
2.4383E-08,-11.025
3.6633E-08,-11
4.15497E-08,-10.975
4.77018E-08,-10.95
4.56314E-08,-10.925
3.44086E-08,-10.9
4.11306E-08,-10.875
2.80772E-08,-10.85
4.37958E-08,-10.825
5.2186E-08,-10.8
5.49155E-08,-10.775
6.28E-08,-10.75
7.19349E-08,-10.725
7.87186E-08,-10.7
6.8535E-08,-10.675
2.11868E-07,-10.65
4.30148E-07,-10.625
4.32187E-07,-10.6
6.49599E-07,-10.575
9.38049E-07,-10.55
6.06202E-07,-10.525
6.21346E-07,-10.5
6.9215E-07,-10.475
6.01685E-07,-10.45
4.27025E-07,-10.425
3.0359E-07,-10.4
2.18248E-07,-10.375
1.44561E-07,-10.35
1.13225E-07,-10.325
1.08638E-07,-10.3
1.46051E-07,-10.275
2.38597E-07,-10.25
2.31606E-07,-10.225
1.96752E-07,-10.2
2.69543E-07,-10.175
3.03154E-07,-10.15
4.32464E-07,-10.125
5.7333E-07,-10.1
3.27897E-07,-10.075
3.6577E-07,-10.05
2.86136E-07,-10.025
2.67598E-07,-10
3.18082E-07,-9.975
6.70194E-07,-9.95
8.07767E-07,-9.925
8.56562E-07,-9.9
1.59895E-06,-9.875
1.53865E-06,-9.85
1.13163E-06,-9.825
1.13549E-06,-9.8
9.97432E-07,-9.775
5.84128E-07,-9.75
4.39833E-07,-9.725
2.18553E-07,-9.7
2.27756E-07,-9.675
1.80802E-07,-9.65
1.12535E-07,-9.625
7.63059E-08,-9.6
7.98466E-08,-9.575
1.11928E-07,-9.55
2.42722E-07,-9.525
5.46396E-07,-9.5
6.44617E-07,-9.475
5.64602E-07,-9.45
4.69117E-07,-9.425
2.41918E-07,-9.4
1.59451E-07,-9.375
1.47781E-07,-9.35
1.46226E-07,-9.325
2.71365E-07,-9.3
5.69201E-07,-9.275
5.21962E-07,-9.25
8.19808E-07,-9.225
1.04309E-06,-9.2
1.32328E-06,-9.175
1.28043E-06,-9.15
1.13303E-06,-9.125
6.75805E-07,-9.1
8.86792E-07,-9.075
7.62876E-07,-9.05
6.92084E-07,-9.025
8.17731E-07,-9
8.88491E-07,-8.975
8.7124E-07,-8.95
9.32595E-07,-8.925
1.33234E-06,-8.9
1.23786E-06,-8.875
1.12226E-06,-8.85
9.09414E-07,-8.825
6.3336E-07,-8.8
4.14564E-07,-8.775
3.47375E-07,-8.75
3.30863E-07,-8.725
2.54788E-07,-8.7
4.60578E-07,-8.675
6.97275E-07,-8.65
1.06601E-06,-8.625
1.42114E-06,-8.6
1.69567E-06,-8.575
1.14269E-06,-8.55
8.79027E-07,-8.525
6.01443E-07,-8.5
2.89706E-07,-8.475
3.59156E-07,-8.45
4.78205E-07,-8.425
9.69962E-07,-8.4
1.04183E-06,-8.375
1.37891E-06,-8.35
8.78331E-07,-8.325
1.09329E-06,-8.3
8.9851E-07,-8.275
5.52007E-07,-8.25
3.92429E-07,-8.225
3.31632E-07,-8.2
3.30831E-07,-8.175
4.29987E-07,-8.15
4.20803E-07,-8.125
4.56183E-07,-8.1
2.56084E-07,-8.075
2.88938E-07,-8.05
3.6546E-07,-8.025
4.93585E-07,-8
1.0947E-06,-7.975
1.89317E-06,-7.95
1.47802E-06,-7.925
3.11289E-06,-7.9
4.55358E-06,-7.875
6.77901E-06,-7.85
7.01626E-06,-7.825
6.94822E-06,-7.8
5.44202E-06,-7.775
4.378E-06,-7.75
2.79765E-06,-7.725
1.30912E-06,-7.7
9.11444E-07,-7.675
4.70664E-07,-7.65
4.90496E-07,-7.625
1.16759E-06,-7.6
1.08794E-06,-7.575
1.49046E-06,-7.55
1.91405E-06,-7.525
2.24567E-06,-7.5
2.1947E-06,-7.475
2.61779E-06,-7.45
3.68306E-06,-7.425
3.26589E-06,-7.4
2.71989E-06,-7.375
1.18787E-06,-7.35
4.90138E-07,-7.325
3.13095E-07,-7.3
4.24555E-07,-7.275
6.2823E-07,-7.25
1.30801E-06,-7.225
1.38732E-06,-7.2
1.22666E-06,-7.175
6.76414E-07,-7.15
4.11771E-07,-7.125
1.14611E-06,-7.1
2.35041E-06,-7.075
4.07057E-06,-7.05
3.88409E-06,-7.025
3.86663E-06,-7
3.8733E-06,-6.975
2.38373E-06,-6.95
1.54068E-06,-6.925
1.29228E-06,-6.9
1.39839E-06,-6.875
1.22385E-06,-6.85
2.07721E-06,-6.825
2.46817E-06,-6.8
3.99399E-06,-6.775
3.42842E-06,-6.75
3.57021E-06,-6.725
2.29623E-06,-6.7
1.55859E-06,-6.675
7.32018E-07,-6.65
8.15991E-07,-6.625
1.09842E-06,-6.6
1.91935E-06,-6.575
2.70688E-06,-6.55
4.34147E-06,-6.525
4.10546E-06,-6.5
4.46735E-06,-6.475
4.30317E-06,-6.45
3.77872E-06,-6.425
1.7274E-06,-6.4
2.27231E-06,-6.375
2.92029E-06,-6.35
2.33627E-06,-6.325
2.69743E-06,-6.3
2.47135E-06,-6.275
2.78013E-06,-6.25
4.42436E-06,-6.225
4.59008E-06,-6.2
4.64108E-06,-6.175
4.07542E-06,-6.15
3.97343E-06,-6.125
3.67996E-06,-6.1
6.21188E-06,-6.075
7.86065E-06,-6.05
8.07402E-06,-6.025
7.82828E-06,-6
9.56495E-06,-5.975
5.67295E-06,-5.95
5.62038E-06,-5.925
6.90024E-06,-5.9
5.00551E-06,-5.875
4.37473E-06,-5.85
3.98965E-06,-5.825
3.41878E-06,-5.8
3.36473E-06,-5.775
6.35634E-06,-5.75
1.00301E-05,-5.725
1.23467E-05,-5.7
1.11375E-05,-5.675
1.46151E-05,-5.65
9.94606E-06,-5.625
8.366E-06,-5.6
5.60595E-06,-5.575
5.56465E-06,-5.55
3.91925E-06,-5.525
3.90965E-06,-5.5
5.20627E-06,-5.475
5.77805E-06,-5.45
5.43589E-06,-5.425
4.89888E-06,-5.4
6.76594E-06,-5.375
8.15002E-06,-5.35
7.57728E-06,-5.325
1.08855E-05,-5.3
1.03967E-05,-5.275
1.14593E-05,-5.25
8.38128E-06,-5.225
8.60893E-06,-5.2
1.31703E-05,-5.175
1.33743E-05,-5.15
1.42391E-05,-5.125
1.08223E-05,-5.1
7.41741E-06,-5.075
5.74985E-06,-5.05
4.28448E-06,-5.025
3.81067E-06,-5
4.05153E-06,-4.975
4.65698E-06,-4.95
4.03387E-06,-4.925
3.69303E-06,-4.9
3.3502E-06,-4.875
3.60513E-06,-4.85
3.45226E-06,-4.825
3.82036E-06,-4.8
5.23475E-06,-4.775
8.18069E-06,-4.75
7.6597E-06,-4.725
6.71897E-06,-4.7
6.73965E-06,-4.675
7.56738E-06,-4.65
7.3989E-06,-4.625
9.50291E-06,-4.6
8.73624E-06,-4.575
7.37622E-06,-4.55
6.3754E-06,-4.525
5.33828E-06,-4.5
5.9054E-06,-4.475
7.8794E-06,-4.45
1.17508E-05,-4.425
1.2898E-05,-4.4
1.02565E-05,-4.375
7.55682E-06,-4.35
4.47697E-06,-4.325
4.78288E-06,-4.3
5.6267E-06,-4.275
7.76186E-06,-4.25
1.01579E-05,-4.225
1.1482E-05,-4.2
1.18704E-05,-4.175
1.26384E-05,-4.15
1.12797E-05,-4.125
9.34663E-06,-4.1
7.35398E-06,-4.075
9.65442E-06,-4.05
1.02002E-05,-4.025
1.06323E-05,-4
9.62582E-06,-3.975
1.00223E-05,-3.95
1.27574E-05,-3.925
1.81037E-05,-3.9
1.96713E-05,-3.875
1.58163E-05,-3.85
9.1767E-06,-3.825
7.36823E-06,-3.8
5.39078E-06,-3.775
5.89656E-06,-3.75
5.07726E-06,-3.725
7.05806E-06,-3.7
1.11395E-05,-3.675
1.50181E-05,-3.65
1.49526E-05,-3.625
1.04589E-05,-3.6
1.15776E-05,-3.575
1.05305E-05,-3.55
9.55734E-06,-3.525
7.18224E-06,-3.5
5.85642E-06,-3.475
6.72808E-06,-3.45
6.86081E-06,-3.425
5.78484E-06,-3.4
5.29211E-06,-3.375
6.69783E-06,-3.35
1.02072E-05,-3.325
1.23738E-05,-3.3
1.67528E-05,-3.275
1.99963E-05,-3.25
0.000200075,-3.225
0.000198792,-3.2
9.85379E-05,-3.175
7.68449E-05,-3.15
0.00011245,-3.125
0.000173454,-3.1
9.05424E-05,-3.075
4.4205E-05,-3.05
0.000120073,-3.025
0.000118729,-3
8.31684E-05,-2.975
3.46549E-05,-2.95
4.15258E-05,-2.925
5.71622E-05,-2.9
9.79201E-05,-2.875
8.50247E-05,-2.85
0.000102786,-2.825
0.00014041,-2.8
0.000163274,-2.775
7.61307E-05,-2.75
9.09572E-05,-2.725
7.57707E-05,-2.7
3.70636E-05,-2.675
1.8631E-05,-2.65
7.31796E-06,-2.625
7.54978E-06,-2.6
3.12054E-05,-2.575
2.62076E-05,-2.55
2.66385E-05,-2.525
3.34428E-05,-2.5
2.86725E-05,-2.475
3.66405E-05,-2.45
4.40485E-05,-2.425
3.87986E-05,-2.4
5.31841E-05,-2.375
4.02871E-05,-2.35
2.58811E-05,-2.325
2.40467E-05,-2.3
1.24877E-05,-2.275
1.1446E-05,-2.25
1.34328E-05,-2.225
1.50237E-05,-2.2
2.0578E-05,-2.175
1.65213E-05,-2.15
3.5618E-05,-2.125
6.27049E-05,-2.1
8.76484E-05,-2.075
8.77586E-05,-2.05
5.92026E-05,-2.025
3.84431E-05,-2
2.09142E-05,-1.975
1.49459E-05,-1.95
3.0953E-05,-1.925
1.92446E-05,-1.9
1.61344E-05,-1.875
8.43701E-06,-1.85
1.82774E-05,-1.825
3.20012E-05,-1.8
5.59779E-05,-1.775
5.59064E-05,-1.75
3.20636E-05,-1.725
3.55643E-05,-1.7
2.82831E-05,-1.675
4.25998E-05,-1.65
6.38013E-05,-1.625
4.53803E-05,-1.6
2.7004E-05,-1.575
3.1975E-05,-1.55
5.16249E-05,-1.525
7.59287E-05,-1.5
6.21947E-05,-1.475
5.25203E-05,-1.45
5.899E-05,-1.425
7.40199E-05,-1.4
6.67242E-05,-1.375
0.000105911,-1.35
9.04483E-05,-1.325
0.000104967,-1.3
9.3207E-05,-1.275
8.94829E-05,-1.25
9.10718E-05,-1.225
0.000110214,-1.2
9.19619E-05,-1.175
6.18468E-05,-1.15
5.1905E-05,-1.125
5.10161E-05,-1.1
4.17427E-05,-1.075
4.96053E-05,-1.05
5.49919E-05,-1.025
5.10383E-05,-1
5.49195E-05,-0.975
2.58257E-05,-0.95
2.12318E-05,-0.925
4.63578E-05,-0.9
5.05183E-05,-0.875
5.86538E-05,-0.85
5.04501E-05,-0.825
4.49902E-05,-0.8
6.22566E-05,-0.775
7.46431E-05,-0.75
7.76546E-05,-0.725
8.27115E-05,-0.7
0.000132613,-0.675
0.000114071,-0.65
0.000114637,-0.625
0.000111648,-0.6
0.000122764,-0.575
8.72132E-05,-0.55
3.98583E-05,-0.525
4.22652E-05,-0.5
4.29108E-05,-0.475
7.48198E-05,-0.45
0.000138638,-0.425
0.000129635,-0.4
0.000136225,-0.375
0.000132381,-0.35
0.000764335,-0.325
0.001653829,-0.3
0.002641968,-0.275
0.003202023,-0.25
0.00356609,-0.225
0.00143621,-0.2
0.002346792,-0.175
0.010988676,-0.15
0.020312404,-0.125
0.029628444,-0.1
0.272712769,-0.075
0.716179078,-0.05
0.938350179,-0.025
1,0
0.618381707,0.025
0.284169398,0.05
0.101760371,0.075
0.037275991,0.1
0.015487676,0.125
0.00455089,0.15
0.00201385,0.175
0.00179731,0.2
0.001924246,0.225
0.002248947,0.25
0.001200919,0.275
0.00094009,0.3
0.000520564,0.325
0.000772804,0.35
0.000416139,0.375
0.000329958,0.4
0.000268423,0.425
0.000275481,0.45
0.000144399,0.475
0.000149667,0.5
8.67655E-05,0.525
0.000264215,0.55
0.000390835,0.575
0.000377227,0.6
0.000328952,0.625
0.00020766,0.65
0.000151505,0.675
0.000238922,0.7
0.00013564,0.725
8.8297E-05,0.75
3.24872E-05,0.775
3.61465E-05,0.8
3.66109E-05,0.825
5.32524E-05,0.85
2.62616E-05,0.875
2.95244E-05,0.9
2.0561E-05,0.925
5.60416E-05,0.95
8.40463E-05,0.975
6.92014E-05,1
5.76887E-05,1.025
0.000115197,1.05
0.000114375,1.075
0.000108284,1.1
0.000120497,1.125
0.00018698,1.15
0.000160415,1.175
0.000109116,1.2
0.000194609,1.225
0.00043363,1.25
0.000357676,1.275
0.000297848,1.3
0.000131654,1.325
8.44114E-05,1.35
2.73682E-05,1.375
3.57624E-05,1.4
7.14712E-05,1.425
9.30095E-05,1.45
9.97677E-05,1.475
6.95772E-05,1.5
2.79703E-05,1.525
9.74717E-05,1.55
7.66923E-05,1.575
6.53467E-05,1.6
4.47151E-05,1.625
8.51346E-05,1.65
0.000163013,1.675
0.00016972,1.7
0.000115357,1.725
6.26614E-05,1.75
2.68919E-05,1.775
1.11653E-05,1.8
1.2386E-05,1.825
6.43848E-06,1.85
4.45887E-06,1.875
3.06528E-06,1.9
1.09893E-05,1.925
3.01183E-05,1.95
4.70741E-05,1.975
7.36776E-05,2
7.57516E-05,2.025
5.72523E-05,2.05
4.70962E-05,2.075
5.37856E-05,2.1
3.70971E-05,2.125
4.02868E-05,2.15
2.49689E-05,2.175
1.82443E-05,2.2
7.36702E-06,2.225
2.1645E-05,2.25
3.46532E-05,2.275
2.15701E-05,2.3
3.18205E-05,2.325
2.75716E-05,2.35
4.01762E-05,2.375
3.58744E-05,2.4
2.08216E-05,2.425
1.17302E-05,2.45
1.32643E-05,2.475
2.23114E-05,2.5
1.96258E-05,2.525
2.03335E-05,2.55
9.26681E-06,2.575
1.84335E-05,2.6
1.80007E-05,2.625
3.32653E-05,2.65
1.48098E-05,2.675
1.61581E-05,2.7
2.08556E-05,2.725
2.47057E-05,2.75
3.85648E-05,2.775
6.97712E-05,2.8
7.33835E-05,2.825
5.03756E-05,2.85
2.2245E-05,2.875
3.24883E-05,2.9
5.28042E-05,2.925
8.63785E-05,2.95
7.26398E-05,2.975
4.72024E-05,3
2.93499E-05,3.025
2.80374E-05,3.05
3.81969E-05,3.075
3.31303E-05,3.1
2.59688E-05,3.125
3.59197E-05,3.15
6.22675E-05,3.175
5.12524E-05,3.2
3.3853E-05,3.225
1.61241E-05,3.25
6.25853E-06,3.275
7.12201E-06,3.3
3.65942E-06,3.325
3.42344E-06,3.35
2.25524E-06,3.375
1.94612E-06,3.4
7.21247E-06,3.425
1.24606E-05,3.45
1.46203E-05,3.475
1.98011E-05,3.5
3.31425E-05,3.525
3.35649E-05,3.55
5.71317E-05,3.575
4.40896E-05,3.6
2.93617E-05,3.625
2.43132E-05,3.65
6.45783E-06,3.675
3.92041E-06,3.7
1.11524E-05,3.725
1.20124E-05,3.75
1.18037E-05,3.775
2.52696E-05,3.8
3.53645E-05,3.825
4.03874E-05,3.85
3.25631E-05,3.875
2.03766E-05,3.9
1.93873E-05,3.925
1.14977E-05,3.95
4.81152E-06,3.975
8.36943E-06,4
2.14676E-05,4.025
3.1308E-05,4.05
2.11094E-05,4.075
1.83441E-05,4.1
1.75445E-05,4.125
1.49681E-05,4.15
1.44553E-05,4.175
1.53778E-05,4.2
1.32016E-05,4.225
1.51779E-05,4.25
1.07016E-05,4.275
7.26802E-06,4.3
6.02055E-06,4.325
1.49675E-05,4.35
1.76017E-05,4.375
8.78501E-06,4.4
5.49954E-06,4.425
6.70575E-06,4.45
5.62055E-06,4.475
6.20473E-06,4.5
6.9287E-06,4.525
7.53005E-06,4.55
1.18204E-05,4.575
1.22256E-05,4.6
1.8123E-05,4.625
1.99676E-05,4.65
2.16001E-05,4.675
1.8334E-05,4.7
1.45575E-05,4.725
4.48178E-06,4.75
3.15732E-06,4.775
6.46866E-06,4.8
8.24553E-06,4.825
1.95443E-05,4.85
2.17782E-05,4.875
1.12523E-05,4.9
6.72315E-06,4.925
6.03713E-06,4.95
3.65507E-06,4.975
2.51986E-06,5
4.79277E-06,5.025
9.90942E-06,5.05
9.81806E-06,5.075
1.3771E-05,5.1
2.08333E-05,5.125
1.68908E-05,5.15
1.20771E-05,5.175
6.56752E-06,5.2
8.01724E-06,5.225
9.75284E-06,5.25
7.09377E-06,5.275
7.40272E-06,5.3
7.43165E-06,5.325
6.88303E-06,5.35
8.08036E-06,5.375
1.35382E-05,5.4
6.69046E-06,5.425
4.71469E-06,5.45
2.7623E-06,5.475
2.22036E-06,5.5
2.39031E-06,5.525
6.97624E-06,5.55
1.06053E-05,5.575
2.09884E-05,5.6
2.14662E-05,5.625
2.00101E-05,5.65
9.03719E-06,5.675
6.22091E-06,5.7
3.42036E-06,5.725
3.17587E-06,5.75
2.88847E-06,5.775
3.32906E-06,5.8
2.137E-06,5.825
5.29066E-06,5.85
5.7532E-06,5.875
6.04552E-06,5.9
1.82567E-06,5.925
3.67258E-06,5.95
6.55138E-06,5.975
8.02552E-06,6
8.33687E-06,6.025
6.80678E-06,6.05
3.50621E-06,6.075
1.67399E-06,6.1
8.37579E-07,6.125
1.45407E-06,6.15
1.06866E-06,6.175
1.65838E-06,6.2
1.97469E-06,6.225
1.51301E-06,6.25
6.11305E-07,6.275
1.18472E-06,6.3
2.68659E-06,6.325
2.1934E-06,6.35
1.38553E-06,6.375
2.00085E-06,6.4
5.30684E-06,6.425
4.13475E-06,6.45
2.59484E-06,6.475
1.73485E-06,6.5
9.65482E-07,6.525
4.26702E-07,6.55
5.4491E-08,6.575
4.76964E-08,6.6
5.7078E-08,6.625
3.78534E-07,6.65
4.29375E-07,6.675
9.19809E-07,6.7
1.00479E-06,6.725
6.11066E-07,6.75
5.53544E-07,6.775
5.19909E-07,6.8
5.23631E-07,6.825
1.98901E-07,6.85
2.23695E-07,6.875
5.07417E-07,6.9
8.96798E-07,6.925
6.25401E-07,6.95
4.93876E-07,6.975
1.32751E-06,7
1.04277E-06,7.025
9.05054E-07,7.05
6.62824E-07,7.075
6.60635E-07,7.1
5.7915E-07,7.125
7.44797E-07,7.15
5.95319E-07,7.175
4.89195E-07,7.2
2.86595E-07,7.225
4.20829E-07,7.25
4.19532E-07,7.275
4.32798E-07,7.3
4.931E-07,7.325
6.45359E-07,7.35
8.49334E-07,7.375
5.94004E-07,7.4
4.00989E-07,7.425
2.17705E-07,7.45
7.62352E-08,7.475
8.21414E-08,7.5
8.33042E-08,7.525
7.65978E-08,7.55
1.72911E-07,7.575
2.11114E-07,7.6
1.52879E-07,7.625
2.38073E-07,7.65
2.21708E-07,7.675
5.97476E-07,7.7
5.03043E-07,7.725
4.57436E-07,7.75
4.07839E-07,7.775
3.39883E-07,7.8
1.97159E-07,7.825
2.05503E-07,7.85
2.77415E-07,7.875
3.17599E-07,7.9
3.31338E-07,7.925
2.07335E-07,7.95
1.72548E-07,7.975
1.37103E-07,8
1.0484E-07,8.025
7.22681E-08,8.05
6.82551E-08,8.075
6.8622E-08,8.1
1.00751E-07,8.125
1.05609E-07,8.15
9.70535E-08,8.175
7.6277E-08,8.2
6.66157E-08,8.225
3.99814E-08,8.25
5.02976E-08,8.275
8.77966E-08,8.3
1.13589E-07,8.325
1.75658E-07,8.35
1.77247E-07,8.375
1.72468E-07,8.4
2.30448E-07,8.425
4.6117E-07,8.45
6.21205E-07,8.475
6.14825E-07,8.5
5.48281E-07,8.525
3.40215E-07,8.55
1.8538E-07,8.575
1.13855E-07,8.6
1.08808E-07,8.625
2.04519E-07,8.65
2.97793E-07,8.675
7.26124E-07,8.7
2.04091E-06,8.725
2.67665E-06,8.75
2.61773E-06,8.775
2.4695E-06,8.8
1.56016E-06,8.825
1.32904E-06,8.85
1.01049E-06,8.875
9.0252E-07,8.9
8.21333E-07,8.925
8.90241E-07,8.95
9.99117E-07,8.975
6.34593E-07,9
6.11995E-07,9.025
3.28821E-07,9.05
2.4457E-07,9.075
9.07859E-08,9.1
5.38079E-08,9.125
1.25512E-07,9.15
8.49459E-08,9.175
1.18496E-07,9.2
1.8377E-07,9.225
1.3292E-07,9.25
9.91136E-08,9.275
7.77101E-08,9.3
9.43615E-08,9.325
7.57279E-08,9.35
1.09851E-07,9.375
1.26339E-07,9.4
8.63096E-08,9.425
4.88449E-08,9.45
4.71045E-08,9.475
4.37536E-08,9.5
3.78957E-08,9.525
4.83471E-08,9.55
2.86407E-08,9.575
4.41621E-08,9.6
3.82076E-08,9.625
2.92094E-08,9.65
1.93117E-08,9.675
5.09563E-08,9.7
9.49519E-08,9.725
9.05103E-08,9.75
2.16583E-07,9.775
1.89419E-07,9.8
1.06721E-07,9.825
1.17179E-07,9.85
1.02814E-07,9.875
5.75041E-08,9.9
1.08913E-07,9.925
8.5783E-08,9.95
6.24734E-08,9.975
3.40179E-08,10
3.57813E-08,10.025
6.80398E-08,10.05
9.59194E-08,10.075
2.7118E-07,10.1
4.15509E-07,10.125
1.09048E-06,10.15
1.81044E-06,10.175
3.22685E-06,10.2
3.85702E-06,10.225
5.6807E-06,10.25
6.16396E-06,10.275
4.43086E-06,10.3
4.46559E-06,10.325
3.00612E-06,10.35
3.23561E-06,10.375
1.2025E-06,10.4
3.89042E-07,10.425
2.32737E-07,10.45
1.72307E-07,10.475
1.42915E-07,10.5
1.54385E-07,10.525
1.05432E-07,10.55
6.76943E-08,10.575
5.70289E-08,10.6
6.70275E-08,10.625
9.14391E-08,10.65
1.33544E-07,10.675
1.28636E-07,10.7
1.67001E-07,10.725
1.02709E-07,10.75
7.86593E-08,10.775
1.00146E-07,10.8
5.86391E-08,10.825
1.03707E-07,10.85
8.0876E-08,10.875
5.73488E-08,10.9
3.83363E-08,10.925
3.33775E-08,10.95
3.25272E-08,10.975
4.14352E-08,11
2.46793E-08,11.025
3.27869E-08,11.05
3.19143E-08,11.075
3.69011E-08,11.1
5.30504E-08,11.125
4.9356E-08,11.15
4.52612E-08,11.175
2.97862E-08,11.2
3.82794E-08,11.225
3.94371E-08,11.25
4.16002E-08,11.275
3.81515E-08,11.3
3.30097E-08,11.325
3.92971E-08,11.35
3.22918E-08,11.375
3.08711E-08,11.4
4.29636E-08,11.425
5.59523E-08,11.45
6.20057E-08,11.475
1.00495E-07,11.5
6.90972E-08,11.525
4.30172E-08,11.55
2.91117E-08,11.575
4.0879E-08,11.6
3.76328E-08,11.625
2.21007E-08,11.65
2.2639E-08,11.675
3.0018E-08,11.7
3.40048E-08,11.725
1.74847E-08,11.75
2.66194E-08,11.775
3.12122E-08,11.8
2.59139E-08,11.825
2.32226E-08,11.85
3.93073E-08,11.875
4.39544E-08,11.9
4.74508E-08,11.925
3.72785E-08,11.95
2.57299E-08,11.975
2.52769E-08,12
2.66731E-08,12.025
1.7973E-08,12.05
2.0541E-08,12.075
2.16054E-08,12.1
3.40899E-08,12.125
5.56412E-08,12.15
4.70765E-08,12.175
5.34129E-08,12.2
4.05893E-08,12.225
4.78676E-08,12.25
3.88239E-08,12.275
6.62983E-08,12.3
4.96286E-08,12.325
1.44024E-08,12.35
1.63256E-08,12.375
1.996E-08,12.4
2.73866E-08,12.425
2.36865E-08,12.45
1.92123E-08,12.475
3.0885E-08,12.5
3.86386E-08,12.525
8.76295E-08,12.55
9.96638E-08,12.575
1.28674E-07,12.6
1.35201E-07,12.625
1.12569E-07,12.65
1.28452E-07,12.675
1.04242E-07,12.7
1.26492E-07,12.725
7.58613E-08,12.75
7.43252E-08,12.775
7.10194E-08,12.8
7.37746E-08,12.825
7.91596E-08,12.85
6.66418E-08,12.875
9.27789E-08,12.9
6.68765E-08,12.925
7.4921E-08,12.95
9.64785E-08,12.975
5.9672E-08,13
3.54664E-08,13.025
2.93647E-08,13.05
2.78105E-08,13.075
2.42938E-08,13.1
1.97622E-08,13.125
9.7004E-09,13.15
2.55867E-08,13.175
3.78206E-08,13.2
4.82663E-08,13.225
6.52274E-08,13.25
6.66663E-08,13.275
5.68109E-08,13.3
9.26984E-08,13.325
1.33258E-07,13.35
1.18316E-07,13.375
1.25292E-07,13.4
1.09124E-07,13.425
8.20889E-08,13.45
1.22933E-07,13.475
1.27216E-07,13.5
1.49737E-07,13.525
1.26227E-07,13.55
1.16546E-07,13.575
2.77594E-07,13.6
3.34409E-07,13.625
5.08515E-07,13.65
5.9062E-07,13.675
4.69903E-07,13.7
3.4161E-07,13.725
1.02949E-07,13.75
6.95992E-08,13.775
6.89433E-08,13.8
8.61498E-08,13.825
8.19297E-08,13.85
8.72621E-08,13.875
1.22855E-07,13.9
1.27499E-07,13.925
8.32475E-08,13.95
1.0707E-07,13.975
1.82923E-07,14
1.25604E-07,14.025
1.25335E-07,14.05
1.73525E-07,14.075
1.62803E-07,14.1
1.05772E-07,14.125
7.38438E-08,14.15
5.52336E-08,14.175
5.14817E-08,14.2
4.24129E-08,14.225
4.06176E-08,14.25
1.26945E-07,14.275
1.72149E-07,14.3
1.31991E-07,14.325
1.4015E-07,14.35
2.21258E-07,14.375
2.56001E-07,14.4
3.63414E-07,14.425
5.94689E-07,14.45
5.07746E-07,14.475
7.16143E-07,14.5
7.55577E-07,14.525
3.83934E-06,14.55
5.61083E-06,14.575
8.7036E-06,14.6
2.08184E-05,14.625
0.000123146,14.65
0.000602525,14.675
0.001108121,14.7
0.001020246,14.725
0.000325793,14.75
0.000187892,14.775
6.66536E-05,14.8
3.09715E-05,14.825
3.92386E-06,14.85
2.47992E-06,14.875
1.77244E-06,14.9
1.85664E-06,14.925
1.80429E-06,14.95
2.07143E-06,14.975
8.71291E-07,15
4.52244E-08,15.025
4.18356E-08,15.05
4.69393E-08,15.075
4.46335E-08,15.1
4.15261E-08,15.125
4.36995E-08,15.15
3.75581E-08,15.175
3.60498E-08,15.2
4.19273E-08,15.225
4.57406E-08,15.25
4.8241E-08,15.275
6.60751E-08,15.3
5.73758E-08,15.325
4.02134E-08,15.35
4.4972E-08,15.375
3.93525E-08,15.4
3.47243E-08,15.425
2.8874E-08,15.45
2.32451E-08,15.475
1.86782E-08,15.5
2.07188E-08,15.525
1.78934E-08,15.55
1.82022E-08,15.575
1.23407E-08,15.6
1.14749E-08,15.625
1.5956E-08,15.65
2.27841E-08,15.675
2.40597E-08,15.7
1.94188E-08,15.725
2.62878E-08,15.75
3.35783E-08,15.775
3.29258E-08,15.8
2.9592E-08,15.825
2.93794E-08,15.85
3.2242E-08,15.875
3.36641E-08,15.9
4.13321E-08,15.925
4.16131E-08,15.95
4.45871E-08,15.975
4.08326E-08,16
3.70071E-08,16.025
2.69201E-08,16.05
2.24115E-08,16.075
2.08211E-08,16.1
2.0054E-08,16.125
2.39773E-08,16.15
3.13078E-08,16.175
3.04825E-08,16.2
2.18891E-08,16.225
2.93504E-08,16.25
3.00804E-08,16.275
3.22527E-08,16.3
3.93073E-08,16.325
3.96909E-08,16.35
4.44099E-08,16.375
4.17313E-08,16.4
4.71975E-08,16.425
3.69438E-08,16.45
3.71095E-08,16.475
3.66403E-08,16.5
3.40075E-08,16.525
2.56296E-08,16.55
2.23249E-08,16.575
1.32366E-08,16.6
9.75571E-09,16.625
1.27081E-08,16.65
1.97046E-08,16.675
2.47704E-08,16.7
2.38918E-08,16.725
2.28868E-08,16.75
2.93282E-08,16.775
2.65364E-08,16.8
2.30434E-08,16.825
1.95462E-08,16.85
1.65919E-08,16.875
1.25301E-08,16.9
1.02192E-08,16.925
8.66172E-09,16.95
1.0575E-08,16.975
1.22265E-08,17
9.62358E-09,17.025
1.06275E-08,17.05
1.11479E-08,17.075
1.04544E-08,17.1
1.10968E-08,17.125
1.34252E-08,17.15
1.87695E-08,17.175
2.50502E-08,17.2
2.50852E-08,17.225
1.91079E-08,17.25
2.00029E-08,17.275
2.03978E-08,17.3
2.30529E-08,17.325
1.76521E-08,17.35
1.37351E-08,17.375
8.20827E-09,17.4
7.72111E-09,17.425
1.02069E-08,17.45
1.45446E-08,17.475
2.364E-08,17.5
2.59226E-08,17.525
2.63697E-08,17.55
3.25982E-08,17.575
2.84217E-08,17.6
2.90516E-08,17.625
3.31427E-08,17.65
3.19902E-08,17.675
2.92486E-08,17.7
2.40863E-08,17.725
2.62701E-08,17.75
2.48775E-08,17.775
3.09547E-08,17.8
3.80639E-08,17.825
4.80465E-08,17.85
4.49779E-08,17.875
4.40478E-08,17.9
4.17193E-08,17.925
4.34985E-08,17.95
3.34735E-08,17.975
4.15664E-08,18
3.4369E-08,18.025
2.97801E-08,18.05
2.22841E-08,18.075
1.49164E-08,18.1
1.26223E-08,18.125
1.5851E-08,18.15
1.06088E-08,18.175
1.18186E-08,18.2
1.26336E-08,18.225
1.70108E-08,18.25
2.08289E-08,18.275
2.05354E-08,18.3
2.00015E-08,18.325
2.90276E-08,18.35
4.7083E-08,18.375
4.41979E-08,18.4
3.01682E-08,18.425
2.67827E-08,18.45
3.50863E-08,18.475
3.73862E-08,18.5
6.74855E-08,18.525
6.59375E-08,18.55
6.49084E-07,18.575
1.20063E-06,18.6
2.09622E-06,18.625
3.18462E-06,18.65
2.33132E-06,18.675
1.20469E-06,18.7
6.20101E-07,18.725
2.05923E-07,18.75
1.29534E-07,18.775
1.02889E-07,18.8
6.59034E-08,18.825
6.26544E-08,18.85
4.91091E-08,18.875
6.83714E-08,18.9
9.68427E-08,18.925
8.80517E-08,18.925
3.84614E-08,19.025
4.42267E-08,19.125
1.31129E-08,19.225
4.47001E-08,19.325
6.56933E-08,19.425
4.8791E-08,19.525
3.09636E-08,19.625
2.7861E-08,19.725
1.38583E-08,19.825
1.57538E-08,19.925
4.97476E-08,20.025
1.02538E-07,20.125
1.19341E-07,20.225
7.36411E-07,20.325
6.27507E-06,20.425
7.60862E-07,20.525
7.18925E-08,20.625
9.8241E-08,20.725
4.33084E-08,20.825
2.66214E-08,20.925
1.17722E-08,21.025
3.45918E-09,21.125
3.11474E-09,21.225
1.32512E-08,21.325
3.34071E-08,21.425
3.64438E-08,21.525
2.97354E-08,21.625
1.47903E-08,21.725
1.94589E-08,21.825
2.52449E-08,21.925
5.05065E-09,22.025
5.67226E-09,22.125
5.60829E-09,22.225
2.81734E-09,22.325
5.36027E-09,22.425
2.94421E-08,22.525
3.54867E-08,22.625
3.4213E-08,22.725
2.84335E-08,22.825
6.86584E-09,22.925
2.07954E-08,23.025
2.9378E-08,23.125
4.56317E-08,23.225
3.37265E-08,23.325
1.48914E-08,23.425
1.99052E-08,23.525
1.5554E-08,23.625
1.81458E-08,23.725
2.0415E-08,23.825
9.91608E-09,23.925
1.30055E-08,24.025
1.22211E-08,24.125
2.29958E-08,24.225
2.00272E-08,24.325
1.79272E-08,24.425
1.87062E-08,24.525
2.08736E-08,24.625
2.43782E-08,24.725
6.95398E-09,24.825
9.0913E-09,24.925
7.43373E-09,25.025
5.00522E-09,25.125
2.88726E-09,25.225
6.13912E-10,25.325
3.49004E-09,25.425
1.75103E-08,25.525
1.62882E-08,25.625
5.9524E-09,25.725
6.28814E-09,25.825
1.47212E-08,25.925
8.15772E-09,26.025
6.44814E-09,26.125
8.61529E-09,26.225
1.13591E-08,26.325
1.23392E-08,26.425
9.37228E-09,26.525
7.05923E-09,26.625
1.22951E-08,26.725
1.07236E-08,26.825
1.22051E-08,26.925
7.74991E-09,27.025
1.9941E-08,27.125
8.0008E-09,27.225
4.35898E-09,27.325
4.60078E-09,27.425
4.30849E-09,27.525
6.33976E-09,27.625
8.36259E-09,27.725
6.24997E-09,27.825
1.13831E-08,27.925
1.08849E-08,28.025
7.84784E-09,28.125
6.12527E-09,28.225
1.077E-08,28.325
1.57948E-08,28.425
1.71707E-08,28.525
2.53151E-08,28.625
3.63594E-08,28.725
2.82448E-08,28.825
1.78238E-08,28.925
2.34398E-08,29.025
1.76117E-08,29.125
3.9628E-09,29.225
1.62362E-08,29.325
6.23297E-08,29.425
2.19292E-08,29.525
7.50903E-09,29.625
4.29609E-09,29.725
6.92814E-09,29.825
2.98105E-09,29.925
2.56058E-09,30.025
7.16491E-09,30.125
7.4805E-09,30.225
3.36612E-09,30.325
6.04052E-09,30.425
7.54353E-09,30.525
4.05782E-09,30.625
2.23392E-09,30.725
2.09359E-09,30.825
5.68796E-09,30.925
3.9568E-09,31.025
2.58064E-09,31.125
4.61035E-09,31.225
5.93694E-09,31.325
1.77041E-08,31.425
3.09177E-08,31.525
3.10535E-08,31.625
2.83188E-08,31.725
3.32682E-08,31.825
2.79038E-08,31.925
1.10903E-08,32.025
4.22376E-09,32.125
1.53893E-08,32.225
1.37241E-08,32.325
2.32474E-09,32.425
5.46128E-09,32.525
8.03107E-09,32.625
2.13326E-08,32.725
1.48365E-08,32.825
1.84199E-08,32.925
1.53479E-08,33.025
5.05288E-09,33.125
1.22718E-08,33.225
8.23158E-09,33.325
9.14289E-09,33.425
6.58497E-09,33.525
1.2434E-08,33.625
2.08798E-08,33.725
1.38088E-08,33.825
2.90046E-09,33.925
2.21426E-09,34.025
7.19802E-09,34.125
9.84157E-09,34.225
9.93251E-09,34.325
7.92809E-09,34.425
3.39694E-09,34.525
7.54801E-09,34.625
1.65057E-08,34.725
1.16705E-08,34.825
2.53576E-09,34.925
3.48488E-09,35.025
1.40336E-08,35.125
7.39416E-09,35.225
1.10329E-08,35.325
1.87367E-08,35.425
1.08327E-08,35.525
2.702E-09,35.625
8.04788E-09,35.725
1.4131E-08,35.825
1.09821E-08,35.925
8.15566E-09,36.025
7.58969E-09,36.125
1.04704E-08,36.225
2.71789E-09,36.325
3.4738E-09,36.425
3.14289E-09,36.525
3.28646E-09,36.625
2.64799E-09,36.725
6.71954E-09,36.825
1.45402E-08,36.925
1.20085E-08,37.025
1.15729E-08,37.125
1.60041E-08,37.225
1.39531E-08,37.325
1.1607E-08,37.425
1.12059E-08,37.525
6.70478E-09,37.625
9.50929E-09,37.725
1.26732E-08,37.825
1.15263E-08,37.925
1.2972E-08,38.025
7.02156E-09,38.125
2.13521E-09,38.225
1.1444E-09,38.325
8.71413E-10,38.425
4.98613E-09,38.525
6.64437E-09,38.625
2.8023E-09,38.725
6.59155E-10,38.825
8.73367E-10,38.925
3.00596E-09,39.025
9.35444E-09,39.125
1.76637E-08,39.225
2.32253E-08,39.325
4.48864E-08,39.425
4.98068E-08,39.525
2.2445E-08,39.625
8.50613E-09,39.725
7.83024E-09,39.825
8.24321E-09,39.925
8.8218E-09,40.025
5.8511E-09,40.125
2.15598E-09,40.225
3.86147E-09,40.325
5.07588E-09,40.425
9.74417E-09,40.525
1.02022E-08,40.625
3.46107E-08,40.725
2.86066E-08,40.825
2.12694E-08,40.925
1.96587E-08,41.025
2.58248E-08,41.125
2.00132E-08,41.225
2.10919E-08,41.325
8.80456E-09,41.425
1.24716E-08,41.525
1.61684E-08,41.625
1.55884E-08,41.725
1.48419E-08,41.825
6.34817E-09,41.925
3.27361E-09,42.025
2.60705E-09,42.125
3.89795E-09,42.225
5.41809E-09,42.325
1.78456E-09,42.425
2.2643E-09,42.525
2.96058E-09,42.625
6.84961E-09,42.725
1.03402E-08,42.825
1.32934E-08,42.925
4.63393E-09,43.025
3.45635E-09,43.125
2.44033E-09,43.225
1.99278E-09,43.325
1.18744E-09,43.425
8.50731E-10,43.525
2.78451E-09,43.625
3.03742E-09,43.725
4.98389E-09,43.825
3.34639E-09,43.925
6.60173E-09,44.025
9.71579E-09,44.125
9.98669E-09,44.225
8.87978E-09,44.325
6.36098E-09,44.425
1.24843E-08,44.525
1.32477E-08,44.625
1.33273E-08,44.725
1.68956E-08,44.825
1.58169E-08,44.925
1.35345E-08,45.025
9.07907E-09,45.125
5.06523E-09,45.225
2.85955E-09,45.325
1.63966E-08,45.425
2.23879E-08,45.525
9.68638E-09,45.625
7.41122E-09,45.725
7.62097E-09,45.825
4.55652E-09,45.925
1.1512E-09,46.025
1.61529E-09,46.125
1.91991E-09,46.225
1.80199E-09,46.325
4.78205E-09,46.425
5.11121E-09,46.525
3.31222E-09,46.625
8.26669E-09,46.725
6.98128E-09,46.825
7.11942E-09,46.925
6.00491E-09,47.025
1.15603E-08,47.125
1.08903E-08,47.225
3.14838E-09,47.325
3.46811E-09,47.425
9.46332E-09,47.525
5.11405E-09,47.625
3.98666E-09,47.725
6.42562E-09,47.825
1.42225E-08,47.925
8.86817E-09,48.025
7.71018E-09,48.125
5.47698E-09,48.225
6.03118E-09,48.325
2.73487E-09,48.425
2.37416E-09,48.525
3.35153E-09,48.625
6.89117E-09,48.725
4.39433E-09,48.825
1.73825E-08,48.925
1.05449E-06,49.025
2.63211E-06,49.125
9.89626E-08,49.225
7.323E-09,49.325
1.00072E-08,49.425
3.66233E-09,49.525
5.095E-09,49.625
9.53263E-09,49.725
1.62744E-08,49.825
7.91051E-09,49.925
3.44453E-09,50.025
4.23502E-09,50.125
6.40316E-09,50.225
2.78994E-09,50.325
3.25396E-09,50.425
1.0724E-08,50.525
1.63748E-08,50.625
5.35848E-08,50.725
1.06009E-06,50.825
2.51107E-07,50.925
1.62786E-08,51.025
1.98877E-08,51.125
3.15509E-08,51.225
1.6192E-08,51.325
6.27245E-09,51.425
7.79529E-09,51.525
1.34096E-08,51.625
7.79513E-09,51.725
1.42509E-08,51.825
3.14708E-08,51.925
2.41294E-08,52.025
1.70039E-08,52.125
1.67062E-08,52.225
8.60579E-09,52.325
3.78289E-09,52.425
4.9318E-09,52.525
6.16638E-09,52.625
4.43248E-09,52.725
7.39707E-09,52.825
1.25464E-08,52.925
5.74115E-09,53.025
7.49365E-09,53.125
4.43026E-09,53.225
1.70614E-09,53.325
1.62875E-09,53.425
1.07263E-09,53.525
1.86312E-09,53.625
1.32647E-08,53.725
1.01043E-08,53.825
7.34367E-09,53.925
2.67696E-09,54.025
7.99633E-10,54.125
4.38311E-09,54.225
7.36579E-09,54.325
6.35879E-09,54.425
3.29544E-09,54.525
2.13463E-09,54.625
1.68648E-09,54.725
4.7512E-09,54.825
4.19909E-09,54.925
2.3947E-09,55.025
1.11748E-09,55.125
6.98711E-10,55.225
1.81565E-08,55.325
1.85854E-08,55.425
1.9832E-09,55.525
3.76881E-10,55.625
4.04959E-10,55.725
4.7164E-10,55.825
5.75772E-10,55.925
2.38193E-09,56.025
1.75321E-09,56.125
1.23649E-09,56.225
5.45865E-10,56.325
1.37679E-09,56.425
1.78343E-09,56.525
1.30878E-09,56.625
6.38632E-09,56.725
6.10237E-09,56.825
5.92737E-09,56.925
5.12358E-09,57.025
3.55063E-09,57.125
1.22632E-09,57.225
5.22176E-09,57.325
8.08596E-09,57.425
1.38957E-08,57.525
1.95832E-08,57.625
1.55243E-08,57.725
9.26991E-09,57.825
7.12989E-09,57.925
1.93482E-09,58.025
9.80636E-10,58.125
1.82717E-09,58.225
2.67326E-09,58.325
8.38104E-09,58.425
3.37161E-08,58.525
1.03577E-08,58.625
2.82753E-09,58.725
2.02095E-09,58.825
2.3596E-09,58.925
7.57387E-09,59.025
3.0398E-09,59.125
2.64847E-09,59.225
1.93874E-09,59.325
2.04147E-09,59.425
2.80231E-09,59.525
2.21444E-09,59.625
2.65518E-09,59.725
1.77459E-09,59.825
3.53273E-09,59.925
7.65395E-10,60.025
1.34642E-09,60.125
7.28935E-10,60.225
1.68479E-09,60.325
5.44557E-09,60.425
3.53151E-09,60.525
5.26272E-09,60.625
4.76963E-09,60.725
3.21582E-09,60.825
5.90327E-09,60.925
1.627E-08,61.025
6.13128E-09,61.125
3.20508E-09,61.225
1.32844E-09,61.325
3.77778E-09,61.425
2.9225E-09,61.525
2.26927E-09,61.625
2.04315E-09,61.725
6.05361E-10,61.825
7.5633E-10,61.925
1.93919E-09,62.025
1.53784E-09,62.125
1.06089E-09,62.225
9.34718E-10,62.325
3.24597E-09,62.425
5.72996E-09,62.525
2.91821E-09,62.625
1.33858E-09,62.725
6.19555E-09,62.825
5.42142E-09,62.925
3.79416E-09,63.025
5.42588E-09,63.125
2.31433E-09,63.225
1.45874E-09,63.325
2.01672E-09,63.425
5.99133E-09,63.525
6.43852E-09,63.625
5.01868E-09,63.725
9.72606E-09,63.825
3.49708E-08,63.925
2.75367E-08,64.025
2.95865E-08,64.125
3.89493E-07,64.225
1.57923E-07,64.325
2.31075E-08,64.425
8.17248E-09,64.525
5.74685E-09,64.625
4.16488E-09,64.725
4.02477E-09,64.825
2.54158E-09,64.925
1.1158E-09,65.025
1.80642E-09,65.125
1.40752E-09,65.225
8.5743E-10,65.325
1.824E-09,65.425
9.98349E-09,65.525
4.83702E-09,65.625
3.41204E-09,65.725
5.09158E-09,65.825
1.87548E-09,65.925
1.9714E-09,66.025
2.31698E-08,66.125
7.23873E-09,66.225
2.23663E-08,66.325
1.13253E-08,66.425
2.3402E-09,66.525
1.46872E-09,66.625
4.1358E-09,66.725
5.19363E-09,66.825
3.15635E-09,66.925
2.14304E-09,67.025
2.12617E-09,67.125
2.81238E-09,67.225
8.18678E-10,67.325
1.48451E-09,67.425
5.84546E-10,67.525
1.28773E-09,67.625
4.78206E-09,67.725
3.59212E-09,67.825
1.80033E-09,67.925
8.13086E-10,68.025
1.14668E-09,68.125
2.23601E-09,68.225
1.31387E-09,68.325
4.79036E-09,68.425
4.93515E-09,68.525
1.39861E-09,68.625
8.299E-10,68.725
7.47445E-10,68.825
1.64665E-09,68.925
2.95315E-09,69.025
2.5734E-09,69.125
1.26219E-09,69.225
3.4963E-09,69.325
6.39419E-09,69.425
1.20767E-08,69.525
9.11234E-09,69.625
6.91766E-09,69.725
6.94947E-09,69.825
2.29345E-09,69.925
8.01965E-10,70.025
1.92355E-09,70.125
1.98818E-09,70.225
4.27435E-09,70.325
3.48666E-09,70.425
1.70045E-09,70.525
2.65599E-10,70.625
9.5454E-10,70.725
4.26465E-09,70.825
2.6473E-09,70.925
4.32754E-09,71.025
4.35896E-09,71.125
5.00971E-09,71.225
6.54062E-09,71.325
6.79525E-09,71.425
5.62627E-09,71.525
7.64731E-09,71.625
7.44093E-09,71.725
4.9368E-09,71.825
6.14445E-09,71.925
7.87003E-09,72.025
3.19498E-09,72.125
1.55894E-09,72.225
1.59783E-09,72.325
2.18334E-09,72.425
2.02921E-09,72.525
4.82846E-09,72.625
5.15217E-09,72.725
6.78627E-09,72.825
1.04775E-08,72.925
1.20201E-08,73.025
4.23528E-09,73.125
1.65396E-09,73.225
1.27237E-09,73.325
4.79591E-09,73.425
2.86133E-09,73.525
1.27181E-09,73.625
3.8895E-10,73.725
1.44798E-09,73.825
3.72231E-09,73.925
2.12331E-09,74.025
9.85734E-10,74.125
4.61925E-10,74.225
1.65339E-09,74.325
4.51779E-09,74.425
4.55423E-09,74.525
2.0975E-09,74.625
9.92386E-10,74.725
7.82853E-10,74.825
1.42949E-09,74.925
1.58544E-09,75.025
7.09908E-10,75.125
1.38487E-09,75.225
2.84307E-09,75.325
2.07016E-09,75.425
8.91031E-10,75.525
1.06087E-09,75.625
4.75524E-10,75.725
3.40938E-10,75.825
1.26949E-09,75.925
3.43339E-09,76.025
3.81058E-09,76.125
2.26802E-09,76.225
2.45721E-09,76.325
2.7721E-09,76.425
1.19771E-09,76.525
1.34765E-09,76.625
9.81812E-10,76.725
7.72778E-10,76.825
5.75242E-10,76.925
1.57721E-10,77.025
4.63262E-10,77.125
1.29542E-09,77.225
1.85691E-09,77.325
2.65457E-09,77.425
2.99975E-09,77.525
1.88154E-09,77.625
1.69498E-09,77.725
9.54671E-10,77.825
2.16201E-09,77.925
3.00911E-09,78.025
4.28493E-09,78.125
5.06748E-09,78.225
6.35601E-09,78.325
1.05515E-08,78.425
1.0042E-08,78.525
7.57832E-09,78.625
3.88679E-09,78.725
1.62193E-09,78.825
5.34238E-09,78.925
1.81259E-09,79.025
3.18885E-10,79.125
5.87389E-10,79.225
7.13123E-10,79.325
7.85669E-10,79.425
2.21774E-10,79.525
3.2374E-10,79.625
6.58892E-10,79.725
1.26902E-09,79.825
3.27583E-09,79.925
3.07186E-09,80.025
9.42572E-10,80.125
2.42685E-10,80.225
1.9192E-10,80.325
7.53334E-10,80.425
4.81963E-10,80.525
1.95894E-09,80.625
1.37878E-09,80.725
7.36428E-10,80.825
7.79675E-10,80.925
2.1693E-09,81.025
3.72016E-09,81.125
3.58425E-09,81.225
4.21814E-09,81.325
2.25833E-09,81.425
1.97521E-09,81.525
1.98596E-09,81.625
2.71583E-09,81.725
9.87992E-10,81.825
2.56888E-10,81.925
1.05635E-09,82.025
1.5351E-09,82.125
7.74913E-10,82.225
2.51433E-10,82.325
5.49305E-10,82.425
1.32261E-09,82.525
1.70385E-09,82.625
1.27574E-09,82.725
6.26711E-10,82.825
2.02466E-09,82.925
2.36661E-09,83.025
2.06952E-09,83.125
6.0147E-10,83.225
2.48478E-10,83.325
6.44895E-10,83.425
7.22074E-10,83.525
2.20429E-10,83.625
3.72024E-10,83.725
8.37357E-10,83.825
7.13698E-10,83.925
1.24507E-09,84.025
1.96688E-09,84.125
7.12717E-10,84.225
3.6596E-10,84.325
4.35716E-10,84.425
5.93742E-10,84.525
1.1469E-09,84.625
2.46075E-09,84.725
2.14699E-09,84.825
1.86921E-09,84.925
2.0089E-09,85.025
1.63151E-09,85.125
1.02051E-09,85.225
9.44761E-10,85.325
2.02358E-09,85.425
4.66817E-09,85.525
5.2447E-09,85.625
4.48061E-09,85.725
2.01351E-09,85.825
7.84525E-10,85.925
2.91821E-10,86.025
1.92611E-09,86.125
3.37501E-09,86.225
2.36602E-09,86.325
3.14546E-09,86.425
1.25651E-09,86.525
3.43457E-10,86.625
5.1633E-10,86.725
1.03007E-09,86.825
8.18337E-10,86.925
1.07665E-09,87.025
1.04453E-09,87.125
2.29276E-09,87.225
5.53092E-09,87.325
8.08153E-10,87.425
1.14666E-09,87.525
2.82737E-09,87.625
1.16239E-09,87.725
1.80761E-09,87.825
4.91152E-09,87.925
4.47949E-10,88.025
2.37828E-10,88.125
6.38525E-10,88.225
5.45689E-10,88.325
6.05935E-10,88.425
2.85564E-09,88.525
2.79212E-09,88.625
2.49311E-09,88.725
2.94349E-09,88.825
8.24376E-10,88.925
1.44626E-09,89.025
9.82921E-10,89.125
1.15345E-09,89.225
1.18709E-09,89.325
4.64156E-10,89.425
5.99089E-10,89.525
4.82174E-10,89.625
5.67074E-10,89.725
4.19541E-10,89.825
5.51198E-10,89.925
9.06063E-10,90.025
5.43326E-10,90.125
4.50527E-10,90.225
3.20232E-10,90.325
9.68039E-10,90.425
1.22971E-09,90.525
7.95719E-10,90.625
6.55275E-10,90.725
3.70523E-10,90.825
2.97518E-10,90.925
2.29856E-10,91.025
2.91537E-10,91.125
8.49611E-10,91.225
1.47551E-09,91.325
4.20418E-09,91.425
4.15484E-09,91.525
2.17673E-09,91.625
1.49593E-09,91.725
1.85689E-09,91.825
9.96941E-10,91.925
2.73998E-09,92.025
3.17936E-09,92.125
2.36093E-09,92.225
1.9203E-09,92.325
2.96228E-09,92.425
4.1078E-09,92.525
2.16053E-09,92.625
2.43106E-09,92.725
2.99249E-09,92.825
3.09341E-09,92.925
1.50019E-09,93.025
6.52331E-10,93.125
3.76883E-09,93.225
2.13294E-09,93.325
5.68211E-10,93.425
2.97336E-10,93.525
3.71304E-10,93.625
1.0679E-09,93.725
8.34129E-10,93.825
7.39279E-10,93.925
7.74445E-10,94.025
5.723E-10,94.125
1.19243E-09,94.225
1.95392E-09,94.325
2.80888E-09,94.425
1.42998E-09,94.525
8.32091E-10,94.625
5.17895E-10,94.725
9.34961E-10,94.825
6.67621E-10,94.925
2.13966E-10,95.025
3.18422E-10,95.125
3.16225E-10,95.225
4.06355E-10,95.325
3.92862E-10,95.425
3.95992E-10,95.525
2.98938E-10,95.625
8.25007E-10,95.725
1.81991E-09,95.825
5.98738E-10,95.925
3.83348E-10,96.025
1.24022E-09,96.125
3.22808E-09,96.225
2.48473E-09,96.325
2.24908E-09,96.425
2.30193E-09,96.525
1.30886E-09,96.625
4.4152E-10,96.725
5.68467E-10,96.825
7.78903E-10,96.925
1.6118E-09,97.025
7.59705E-10,97.125
2.34601E-10,97.225
2.84497E-10,97.325
1.09709E-09,97.425
1.40363E-09,97.525
9.11286E-10,97.625
5.0263E-10,97.725
1.35711E-09,97.825
2.34594E-10,97.925
7.81472E-10,98.025
2.06722E-09,98.125
1.83108E-09,98.225
4.65802E-09,98.325
3.99162E-09,98.425
1.85918E-09,98.525
1.31789E-09,98.625
7.65503E-10,98.725
3.31963E-09,98.825
7.59909E-09,98.925
5.43189E-08,99.025
3.88723E-07,99.125
1.83814E-08,99.225
8.46217E-10,99.325
1.05858E-09,99.425
1.2858E-09,99.525
7.10355E-10,99.625
9.38685E-10,99.725
7.91285E-10,99.825
9.70202E-10,99.925
1.42704E-09,100.025
1.81931E-09,100.125
7.55903E-10,100.225
1.76334E-10,100.325
1.34351E-10,100.425
2.8573E-10,100.525
1.52213E-10,100.625
4.09791E-10,100.725
2.97713E-10,100.825
1.41486E-10,100.925
2.46857E-10,101.025
3.60639E-10,101.125
2.72044E-10,101.225
4.85296E-10,101.325
1.09006E-09,101.425
2.42248E-09,101.525
2.59187E-09,101.625
1.63318E-09,101.725
1.57907E-09,101.825
2.3222E-09,101.925
1.35544E-09,102.025
6.13242E-10,102.125
4.27605E-10,102.225
4.75249E-10,102.325
3.65265E-09,102.425
1.18038E-09,102.525
7.60025E-10,102.625
6.6501E-10,102.725
1.08198E-09,102.825
1.36491E-09,102.925
1.7033E-09,103.025
4.13771E-10,103.125
3.48447E-10,103.225
8.18335E-10,103.325
2.46765E-10,103.425
4.96837E-10,103.525
8.49992E-10,103.625
5.56814E-10,103.725
2.7774E-10,103.825
1.51343E-09,103.925
1.89392E-09,104.025
1.70781E-09,104.125
1.12201E-09,104.225
4.1309E-10,104.325
3.7582E-10,104.425
1.02989E-09,104.525
1.69107E-10,104.625
2.02841E-10,104.725
2.81281E-10,104.825
1.99708E-10,104.925
9.58808E-10,105.025
1.03445E-09,105.125
1.00176E-09,105.225
9.88458E-10,105.325
4.75453E-10,105.425
5.43303E-10,105.525
3.72621E-09,105.625
2.89188E-09,105.725
2.10956E-09,105.825
3.82614E-09,105.925
1.96009E-08,106.025
4.41917E-08,106.125
9.65823E-09,106.225
1.52538E-09,106.325
6.36258E-10,106.425
6.86347E-10,106.525
7.73847E-10,106.625
1.2847E-09,106.725
6.16244E-09,106.825
1.09127E-08,106.925
8.1988E-10,107.025
6.34046E-10,107.125
7.4997E-10,107.225
1.01489E-09,107.325
3.67569E-10,107.425
3.00558E-10,107.525
2.76346E-10,107.625
3.94644E-10,107.725
4.94435E-10,107.825
5.71255E-10,107.925
3.03501E-10,108.025
4.45507E-10,108.125
7.95545E-10,108.225
7.62371E-10,108.325
7.42122E-10,108.425
2.21478E-10,108.525
1.71966E-10,108.625
7.10975E-10,108.725
1.25857E-09,108.825
2.06726E-09,108.925
2.43838E-09,109.025
1.59107E-09,109.125
5.58881E-10,109.225
4.95953E-10,109.325
1.60867E-10,109.425
5.52708E-10,109.525
1.1906E-09,109.625
6.17525E-10,109.725
6.80258E-10,109.825
3.89427E-10,109.925
6.3367E-10,110.025
6.62536E-10,110.125
9.67838E-10,110.225
1.18499E-09,110.325
1.7465E-09,110.425
9.28564E-10,110.525
3.2444E-09,110.625
9.66353E-09,110.725
3.86855E-08,110.825
1.71082E-06,110.925
7.8541E-07,111.025
2.95753E-08,111.125
1.30511E-08,111.225
3.63251E-09,111.325
6.262E-10,111.425
1.13997E-09,111.525
8.01852E-10,111.625
4.73881E-10,111.725
9.31713E-10,111.825
1.48338E-09,111.925
2.11319E-09,112.025
1.28522E-09,112.125
7.79883E-10,112.225
9.45802E-10,112.325
7.3804E-10,112.425
3.54625E-10,112.525
6.4767E-10,112.625
5.32488E-10,112.725
4.1661E-10,112.825
1.47373E-09,112.925
8.39811E-10,113.025
6.73352E-10,113.125
5.33614E-10,113.225
5.42071E-10,113.325
2.27951E-10,113.425
3.87513E-10,113.525
8.38976E-10,113.625
4.2128E-10,113.725
1.32413E-09,113.825
7.43166E-10,113.925
8.43342E-10,114.025
1.0855E-09,114.125
9.37429E-10,114.225
2.01789E-09,114.325
2.25858E-09,114.425
1.14159E-09,114.525
4.90268E-10,114.625
1.06552E-09,114.725
1.79519E-09,114.825
1.07378E-09,114.925
8.64163E-10,115.025
3.67744E-10,115.125
1.71391E-10,115.225
1.3921E-10,115.325
6.43327E-11,115.425
3.07864E-10,115.525
1.09004E-10,115.625
6.95445E-11,115.725
1.31958E-10,115.825
4.44543E-10,115.925
2.59314E-10,116.025
2.71869E-10,116.125
2.12733E-10,116.225
6.82654E-10,116.325
7.70062E-10,116.425
5.36976E-10,116.525
1.63312E-10,116.625
5.4333E-10,116.725
1.37222E-09,116.825
1.3246E-09,116.925
1.2677E-09,117.025
1.59394E-09,117.125
1.30267E-09,117.225
1.93264E-09,117.325
1.51878E-09,117.425
1.39021E-09,117.525
8.18139E-10,117.625
2.76141E-10,117.725
2.73856E-10,117.825
4.38747E-10,117.925
2.75001E-10,118.025
1.6722E-10,118.125
1.55434E-10,118.225
7.03065E-10,118.325
1.29594E-09,118.425
2.12558E-09,118.525
1.86691E-09,118.625
8.20938E-10,118.725
1.70918E-10,118.825
2.37452E-10,118.925
6.19917E-10,119.025
7.0935E-10,119.125
1.02876E-09,119.225
7.39936E-10,119.325
1.3812E-09,119.425
1.34528E-09,119.525
9.38085E-10,119.625
1.09451E-09,119.725
5.21224E-10,119.825
8.67481E-10,119.925
4.21852E-10,120.025
4.99945E-10,120.125
6.507E-10,120.225
1.04519E-09,120.325
3.63105E-10,120.425
8.48844E-10,120.525
1.04957E-09,120.625
3.27573E-10,120.725
4.66299E-10,120.825
7.11236E-10,120.925
7.03356E-10,121.025
3.38489E-10,121.125
1.69598E-10,121.225
2.29834E-10,121.325
4.59097E-10,121.425
4.86672E-10,121.525
1.55129E-09,121.625
3.78383E-10,121.725
1.31712E-10,121.825
1.07643E-10,121.925
1.85782E-10,122.025
1.75269E-10,122.125
4.56416E-10,122.225
1.14673E-09,122.325
1.32677E-09,122.425
9.33044E-10,122.525
5.68495E-10,122.625
4.60124E-10,122.725
2.58184E-10,122.825
1.9297E-10,122.925
3.91342E-10,123.025
7.92419E-10,123.125
8.01149E-10,123.225
8.29095E-10,123.325
7.42792E-10,123.425
6.7609E-10,123.525
2.45198E-10,123.625
1.70077E-10,123.725
8.60197E-11,123.825
3.53011E-10,123.925
6.94801E-10,124.025
8.80872E-10,124.125
1.1735E-09,124.225
6.59649E-10,124.325
5.63451E-10,124.425
4.15507E-10,124.525
8.49038E-10,124.625
7.56667E-10,124.725
2.31659E-10,124.825
1.54778E-10,124.925
1.08101E-10,125.025
1.23133E-10,125.125
4.47386E-10,125.225
7.49824E-10,125.325
7.4108E-10,125.425
3.76948E-08,125.525
3.04731E-08,125.625
2.90542E-09,125.725
2.96036E-10,125.825
1.54494E-10,125.925
2.53712E-10,126.025
1.48772E-10,126.125
2.93905E-10,126.225
1.3559E-10,126.325
2.69782E-10,126.425
2.18255E-10,126.525
1.92968E-10,126.625
1.76261E-10,126.725
1.77892E-10,126.825
1.87924E-10,126.925
5.94725E-11,127.025
3.24912E-10,127.125
4.95207E-10,127.225
9.30973E-10,127.325
1.06887E-09,127.425
2.55799E-10,127.525
5.33635E-11,127.625
1.19942E-10,127.725
1.94308E-10,127.825
2.49722E-10,127.925
1.40067E-10,128.025
1.41302E-10,128.125
3.05475E-10,128.225
1.31405E-10,128.325
8.03273E-11,128.425
4.86418E-11,128.525
2.80063E-11,128.625
1.00512E-10,128.725
6.03929E-10,128.825
7.32804E-10,128.925
4.57481E-10,129.025
4.32187E-10,129.125
7.58571E-10,129.225
1.68923E-10,129.325
3.10344E-10,129.425
4.117E-10,129.525
4.83896E-10,129.625
5.87408E-10,129.725
4.70406E-10,129.825
1.64171E-10,129.925
2.63663E-11,130.025
1.90963E-10,130.125
4.23013E-10,130.225
3.16223E-10,130.325
6.14191E-10,130.425
1.03806E-09,130.525
9.68983E-10,130.625
7.4023E-10,130.725
6.32261E-10,130.825
2.81102E-10,130.925
9.88943E-11,131.025
2.0436E-10,131.125
1.9402E-10,131.225
5.27638E-10,131.325
1.37691E-10,131.425
4.59076E-11,131.525
8.6397E-11,131.625
2.98726E-11,131.725
5.37175E-11,131.825
5.10763E-11,131.925
2.7415E-11,132.025
6.85581E-11,132.125
9.66754E-11,132.225
9.53094E-11,132.325
1.34935E-10,132.425
7.8195E-11,132.525
5.73665E-11,132.625
1.65251E-10,132.725
1.45094E-10,132.825
7.4216E-11,132.925
8.94864E-11,133.025
7.98237E-11,133.125
1.51256E-10,133.225
3.40558E-10,133.325
1.08026E-10,133.425
1.96575E-10,133.525
5.41975E-10,133.625
5.63924E-10,133.725
5.99192E-10,133.825
3.56521E-10,133.925
1.1373E-10,134.025
1.09271E-10,134.125
1.88213E-10,134.225
6.38068E-10,134.325
1.0353E-09,134.425
5.04731E-10,134.525
3.18512E-10,134.625
1.38172E-10,134.725
1.27531E-10,134.825
5.1439E-11,134.925
2.44082E-11,135.025
9.76198E-11,135.125
6.70457E-11,135.225
1.16151E-10,135.325
1.94176E-10,135.425
7.70878E-11,135.525
6.11039E-11,135.625
7.02103E-11,135.725
2.34657E-10,135.825
2.06604E-10,135.925
2.7293E-10,136.025
6.76078E-10,136.125
2.49533E-10,136.225
2.81759E-10,136.325
1.10027E-10,136.425
7.26407E-11,136.525
2.12547E-10,136.625
1.22589E-10,136.725
7.37464E-11,136.825
2.41335E-10,136.925
1.19671E-10,137.025
6.28243E-11,137.125
7.3674E-11,137.225
1.62581E-10,137.325
1.89855E-10,137.425
4.89137E-10,137.525
1.12228E-09,137.625
8.80866E-10,137.725
2.47529E-10,137.825
3.76126E-11,137.925
6.9995E-11,138.025
1.26768E-10,138.125
1.58015E-10,138.225
9.88324E-11,138.325
8.92543E-11,138.425
8.85334E-11,138.525
1.05028E-10,138.625
3.14141E-10,138.725
2.17042E-10,138.825
4.70676E-10,138.925
5.57765E-10,139.025
3.4844E-10,139.125
3.60237E-10,139.225
1.70065E-10,139.325
9.90182E-11,139.425
4.7742E-11,139.525
7.23703E-11,139.625
5.74903E-11,139.725
1.51531E-10,139.825
2.85368E-10,139.925
6.29334E-10,140.025
4.02544E-10,140.125
1.88785E-10,140.225
1.48877E-10,140.325
1.46899E-10,140.425
1.51277E-10,140.525
1.03724E-10,140.625
1.57051E-10,140.725
2.47813E-10,140.825
1.01208E-10,140.925
2.20643E-11,141.025
1.44819E-10,141.125
1.02413E-10,141.225
9.79325E-11,141.325
2.0202E-10,141.425
1.19787E-10,141.525
6.33468E-11,141.625
1.83914E-10,141.725
2.01416E-10,141.825
1.51938E-10,141.925
1.07975E-10,142.025
3.73718E-11,142.125
5.14414E-11,142.225
1.39503E-10,142.325
8.93463E-11,142.425
5.64504E-11,142.525
4.85049E-11,142.625
4.17559E-10,142.725
4.69695E-10,142.825
5.61367E-10,142.925
4.82293E-10,143.025
6.55228E-10,143.125
8.23017E-10,143.225
2.36875E-10,143.325
1.42914E-10,143.425
1.46757E-10,143.525
1.34735E-10,143.625
2.94306E-11,143.725
9.96785E-11,143.825
4.14352E-11,143.925
1.94834E-10,144.025
2.40394E-10,144.125
4.74755E-10,144.225
2.87073E-10,144.325
3.48728E-10,144.425
2.0143E-10,144.525
1.21238E-10,144.625
1.54959E-10,144.725
1.08198E-10,144.825
1.44896E-10,144.925
1.10206E-10,145.025
1.58506E-10,145.125
2.10115E-10,145.225
1.85453E-10,145.325
2.05608E-10,145.425
1.26757E-10,145.525
3.55575E-10,145.625
5.34288E-10,145.725
3.09506E-10,145.825
2.45145E-10,145.925
9.88022E-11,146.025
2.0536E-11,146.125
3.45545E-11,146.225
2.30397E-10,146.325
1.15694E-10,146.425
1.375E-10,146.525
1.47641E-10,146.625
1.13654E-10,146.725
1.16782E-10,146.825
1.46368E-10,146.925
1.62618E-10,147.025
2.27785E-10,147.125
1.05351E-10,147.225
6.78168E-11,147.325
3.01909E-11,147.425
1.01325E-10,147.525
1.16153E-10,147.625
1.07301E-10,147.725
9.67222E-11,147.825
8.37489E-11,147.925
1.4343E-10,148.025
9.56563E-11,148.125
5.03747E-11,148.225
4.72324E-11,148.325
3.97712E-11,148.425
3.52712E-11,148.525
2.95489E-11,148.625
5.93924E-11,148.725
1.48999E-10,148.825
2.91537E-10,148.925
3.5396E-10,149.025
5.13188E-10,149.125
3.6371E-10,149.225
1.63609E-10,149.325
2.81094E-10,149.425
1.52604E-10,149.525
1.16538E-10,149.625
2.03133E-10,149.725
3.20597E-10,149.825
2.07891E-10,149.925
2.93436E-10,150.025
2.96698E-10,150.125
2.87644E-10,150.225
3.80884E-10,150.325
5.07146E-11,150.425
7.20074E-11,150.525
2.87166E-10,150.625
3.36308E-10,150.725
2.53799E-10,150.825
2.00168E-10,150.925
1.49942E-10,151.025
2.83234E-10,151.125
2.41667E-10,151.225
3.2252E-10,151.325
1.63321E-10,151.425
1.02566E-10,151.525
5.35635E-11,151.625
1.83422E-11,151.725
6.83573E-11,151.825
6.88532E-11,151.925
5.19015E-11,152.025
1.78834E-10,152.125
2.29656E-10,152.225
2.09507E-10,152.325
2.49244E-10,152.425
2.59143E-10,152.525
9.04919E-11,152.625
1.12008E-10,152.725
1.87547E-10,152.825
1.06423E-10,152.925
9.87254E-11,153.025
1.2083E-10,153.125
4.26269E-11,153.225
5.05805E-11,153.325
1.85832E-10,153.425
2.33467E-10,153.525
2.86887E-10,153.625
1.28786E-10,153.725
2.37971E-10,153.825
1.78411E-10,153.925
1.78733E-10,154.025
3.3544E-10,154.125
2.23664E-10,154.225
2.43229E-10,154.325
1.30379E-10,154.425
1.71869E-10,154.525
4.5958E-11,154.625
5.25304E-11,154.725
8.77148E-11,154.825
1.67985E-10,154.925
2.5277E-10,155.025
1.62839E-10,155.125
6.61843E-11,155.225
5.31881E-11,155.325
8.80534E-11,155.425
5.12231E-11,155.525
4.21177E-11,155.625
3.9417E-11,155.725
3.63212E-11,155.825
3.76654E-11,155.925
1.96619E-10,156.025
2.54089E-10,156.125
2.19398E-10,156.225
1.52779E-10,156.325
1.48806E-10,156.425
1.58235E-10,156.525
2.11801E-10,156.625
2.59132E-10,156.725
3.06285E-10,156.825
2.02152E-10,156.925
2.43935E-10,157.025
2.57798E-10,157.125
2.62556E-10,157.225
2.43242E-10,157.325
2.10632E-10,157.425
2.99461E-11,157.525
4.40411E-11,157.625
9.36137E-12,157.725
1.80386E-11,157.825
4.41274E-11,157.925
4.40681E-11,158.025
4.75355E-11,158.125
2.09226E-11,158.225
2.35446E-11,158.325
3.91038E-11,158.425
9.17146E-11,158.525
1.12786E-10,158.625
6.44355E-11,158.725
4.27455E-11,158.825
4.29834E-11,158.925
4.38159E-11,159.025
1.10749E-10,159.125
1.43021E-10,159.225
1.99303E-10,159.325
9.53641E-11,159.425
9.31534E-11,159.525
1.77204E-10,159.625
2.22467E-10,159.725
7.31808E-11,159.825
3.25533E-11,159.925
1.17735E-10,160.025
2.0589E-10,160.125
1.10532E-10,160.225
2.92086E-11,160.325
4.73627E-11,160.425
1.15213E-11,160.525
2.69508E-11,160.625
8.24746E-11,160.725
3.84971E-11,160.825
4.31501E-11,160.925
3.04342E-11,161.025
8.27294E-11,161.125
7.55079E-11,161.225
4.34422E-11,161.325
4.74394E-11,161.425
6.83586E-11,161.525
1.45736E-10,161.625
1.30708E-10,161.725
1.94273E-10,161.825
1.35615E-10,161.925
1.04531E-10,162.025
3.9924E-11,162.125
2.94631E-11,162.225
7.08397E-11,162.325
5.31721E-11,162.425
1.01682E-10,162.525
3.08895E-11,162.625
1.16715E-11,162.725
7.51387E-11,162.825
5.91836E-11,162.925
1.47929E-10,163.025
2.03819E-10,163.125
5.2931E-10,163.225
5.59667E-10,163.325
3.30213E-10,163.425
2.95324E-10,163.525
1.68251E-10,163.625
9.94356E-11,163.725
1.2877E-10,163.825
5.72645E-11,163.925
4.27817E-11,164.025
8.05003E-11,164.125
1.90521E-10,164.225
1.57047E-10,164.325
1.61938E-10,164.425
8.94568E-11,164.525
6.12721E-11,164.625
1.15764E-10,164.725
1.05946E-10,164.825
5.41414E-11,164.925
2.24552E-11,165.025
1.17462E-10,165.125
5.53633E-11,165.225
1.48031E-10,165.325
3.8074E-11,165.425
2.71909E-11,165.525
1.3384E-11,165.625
2.43406E-11,165.725
7.83604E-11,165.825
1.66265E-10,165.925
2.68905E-10,166.025
3.52788E-10,166.125
1.65692E-10,166.225
1.89772E-10,166.325
5.38024E-11,166.425
2.86331E-11,166.525
4.31026E-11,166.625
2.8751E-11,166.725
7.54726E-11,166.825
3.99588E-11,166.925
7.59511E-11,167.025
8.52353E-11,167.125
7.25711E-11,167.225
6.05768E-11,167.325
2.21593E-11,167.425
3.06077E-11,167.525
8.48175E-11,167.625
9.33893E-11,167.725
7.01911E-11,167.825
2.20219E-11,167.925
2.76259E-11,168.025
4.3529E-11,168.125
6.93016E-11,168.225
1.13824E-10,168.325
1.61088E-10,168.425
6.37506E-11,168.525
1.06261E-10,168.625
3.5578E-11,168.725
1.1051E-10,168.825
9.90993E-11,168.925
6.99919E-11,169.025
1.75541E-10,169.125
2.5088E-10,169.225
2.29651E-10,169.325
1.17338E-10,169.425
1.60946E-10,169.525
2.4782E-10,169.625
2.8321E-10,169.725
7.728E-11,169.825
5.06454E-11,169.925
2.20946E-11,170.025
6.87177E-11,170.125
1.339E-10,170.225
1.92254E-10,170.325
1.26785E-10,170.425
7.2813E-11,170.525
6.66229E-11,170.625
6.63921E-11,170.725
8.22955E-11,170.825
6.39903E-11,170.925
1.99884E-11,171.025
2.0272E-11,171.125
3.62394E-11,171.225
1.40777E-10,171.325
1.04005E-10,171.425
2.2116E-10,171.525
1.61565E-10,171.625
9.17194E-11,171.725
8.84682E-11,171.825
1.90656E-10,171.925
1.94665E-10,172.025
9.87453E-11,172.125
6.9443E-11,172.225
3.50098E-11,172.325
3.91281E-11,172.425
6.11086E-11,172.525
5.15181E-11,172.625
3.52041E-11,172.725
4.45825E-11,172.825
3.55439E-11,172.925
1.07855E-10,173.025
2.68577E-11,173.125
5.65956E-11,173.225
1.12127E-10,173.325
1.36076E-10,173.425
9.09942E-11,173.525
1.1411E-10,173.625
5.79132E-11,173.725
1.17355E-10,173.825
5.32245E-11,173.925
5.69923E-11,174.025
5.41576E-11,174.125
3.86945E-11,174.225
5.28868E-11,174.325
9.18491E-11,174.425
1.66016E-10,174.525
2.03428E-10,174.625
2.24761E-10,174.725
1.1999E-10,174.825
1.09083E-10,174.925
8.09956E-11,175.025
9.17099E-11,175.125
5.36487E-11,175.225
6.40569E-11,175.325
7.464E-10,175.425
1.85853E-09,175.525
1.72011E-09,175.625
1.66746E-10,175.725
3.48801E-11,175.825
9.44981E-11,175.925
1.18121E-10,176.025
7.79073E-11,176.125
2.84302E-11,176.225
3.18071E-11,176.325
5.07131E-11,176.425
2.91601E-11,176.525
4.95752E-11,176.625
4.22885E-11,176.725
4.62966E-11,176.825
9.46874E-11,176.925
1.58762E-10,177.025
1.96195E-10,177.125
1.02459E-10,177.225
9.75543E-11,177.325
7.05818E-11,177.425
7.20264E-11,177.525
8.81255E-11,177.625
5.83324E-11,177.725
6.83395E-11,177.825
5.28008E-11,177.925
1.53698E-10,178.025
2.47891E-10,178.125
9.78943E-11,178.225
2.82581E-11,178.325
5.99995E-11,178.425
5.05788E-11,178.525
6.03442E-11,178.625
1.56927E-10,178.725
3.05843E-11,178.825
2.9753E-11,178.925
5.70113E-11,179.025
3.70904E-11,179.125
4.89783E-11,179.225
1.09036E-10,179.325
1.27836E-10,179.425
3.51007E-11,179.525
2.41613E-11,179.625
3.63769E-11,179.725
7.32822E-11,179.825
4.82855E-11,179.925
2.1142E-11,180.025
3.09137E-11,180.125
3.30416E-11,180.225
4.24235E-11,180.325
3.60866E-11,180.425
3.01096E-11,180.525
2.50323E-11,180.625
3.11962E-11,180.725
1.89546E-11,180.825
5.92227E-12,180.925
1.08244E-11,181.025
6.11349E-11,181.125
9.12213E-11,181.225
8.66194E-11,181.325
3.98548E-11,181.425
2.93122E-11,181.525
3.94173E-11,181.625
4.42559E-11,181.725
7.94652E-11,181.825
6.0275E-11,181.925
6.03889E-11,182.025
1.8989E-10,182.125
1.10799E-10,182.225
1.3791E-10,182.325
8.11989E-11,182.425
3.37669E-11,182.525
2.42115E-11,182.625
3.05682E-11,182.725
1.04392E-10,182.825
6.20894E-11,182.925
4.10821E-11,183.025
8.31594E-12,183.125
4.326E-11,183.225
4.31232E-11,183.325
3.99585E-11,183.425
4.39472E-11,183.525
5.99325E-11,183.625
1.36888E-10,183.725
9.63038E-11,183.825
2.02529E-10,183.925
6.72044E-11,184.025
7.90756E-11,184.125
7.35544E-11,184.225
6.06437E-11,184.325
3.25376E-11,184.425
4.4937E-11,184.525
2.29998E-11,184.625
3.04832E-11,184.725
2.9073E-11,184.825
5.98624E-11,184.925
2.46652E-11,185.025
2.62222E-11,185.125
3.58174E-11,185.225
2.52018E-11,185.325
2.54746E-11,185.425
5.46378E-12,185.525
2.45276E-11,185.625
4.15047E-11,185.725
4.21192E-11,185.825
1.01787E-11,185.925
1.3042E-11,186.025
1.55096E-11,186.125
1.56593E-11,186.225
1.24656E-11,186.325
9.48024E-11,186.425
1.13995E-10,186.525
1.74489E-10,186.625
6.75253E-11,186.725
1.1722E-10,186.825
1.85992E-11,186.925
3.54655E-11,187.025
2.21294E-11,187.125
1.03812E-11,187.225
8.20252E-11,187.325
7.72753E-11,187.425
2.33238E-11,187.525
9.93455E-12,187.625
4.24514E-11,187.725
6.60323E-11,187.825
5.63007E-11,187.925
6.78459E-11,188.025
3.90596E-11,188.125
9.8878E-11,188.225
1.14932E-10,188.325
1.69311E-10,188.425
7.4347E-11,188.525
1.14218E-10,188.625
1.08507E-10,188.725
1.5387E-10,188.825
1.40728E-10,188.925
7.76646E-11,189.025
2.06566E-11,189.125
3.22008E-11,189.225
2.56796E-11,189.325
1.57624E-11,189.425
2.00581E-11,189.525
4.34357E-11,189.625
1.27836E-10,189.725
1.85667E-10,189.825
1.93442E-10,189.925
1.32661E-10,190.025
4.5654E-11,190.125
2.39451E-11,190.225
2.77755E-11,190.325
2.28082E-11,190.425
1.43396E-11,190.525
2.97502E-11,190.625
2.33714E-11,190.725
4.05431E-11,190.825
7.1148E-11,190.925
7.83455E-11,191.025
4.07267E-11,191.125
4.16393E-11,191.225
1.09557E-10,191.325
1.84935E-11,191.425
4.05216E-11,191.525
1.24766E-10,191.625
1.09979E-11,191.725
1.67468E-11,191.825
8.83822E-11,191.925
1.65556E-10,192.025
2.42149E-10,192.125
2.00254E-10,192.225
5.47343E-11,192.325
7.76492E-11,192.425
2.46985E-11,192.525
1.141E-10,192.625
8.52788E-11,192.725
9.49104E-11,192.825
2.67784E-10,192.925
4.15602E-11,193.025
9.23894E-11,193.125
1.09681E-10,193.225
1.17463E-10,193.325
4.98304E-11,193.425
1.16408E-10,193.525
1.64957E-10,193.625
3.71852E-10,193.725
1.7442E-10,193.825
3.29942E-11,193.925
2.72729E-10,194.025
3.16606E-10,194.125
1.53445E-10,194.225
1.08022E-10,194.325
9.7949E-11,194.425
2.08251E-10,194.525
1.39216E-10,194.625
1.95018E-10,194.725
1.26948E-10,194.825
3.52752E-10,194.925
1.28764E-09,195.025
3.80946E-10,195.125
1.22389E-10,195.225
4.25353E-10,195.325
5.05582E-10,195.425
5.56525E-10,195.525
1.84592E-10,195.625
8.9514E-10,195.725
3.58438E-10,195.825
3.16981E-10,195.925
3.45679E-10,196.025
1.20239E-09,196.125
5.60519E-10,196.225
5.50079E-10,196.325
1.01259E-09,196.425
5.47332E-10,196.525
4.12623E-10,196.625
5.70396E-10,196.725
7.56576E-10,196.825
4.02006E-10,196.925
9.02453E-10,197.025
9.14141E-10,197.125
2.04038E-09,197.225
9.44279E-10,197.325
9.45943E-10,197.425
2.35838E-09,197.525
2.63497E-09,197.625
1.01992E-09,197.725
9.21841E-10,197.825
1.98266E-09,197.925
1.56758E-09,198.025
2.60648E-10,198.125
9.80152E-10,198.225
1.1675E-09,198.325
5.94147E-10,198.425
1.04348E-09,198.525
1.29766E-09,198.625
1.11522E-09,198.725
9.27715E-10,198.825
4.55957E-10,198.925
4.07033E-10,198.925
1.37403E-09,203.925
1.0545E-10,208.925
2.32881E-11,213.925
9.8272E-11,218.925
1.04042E-10,223.925
3.1535E-11,228.925
2.83243E-11,233.925
2.73363E-11,238.925
7.37313E-11,243.925
6.21996E-10,248.925
2.11804E-10,253.925
1.21096E-11,258.925
4.54913E-12,263.925
3.17385E-11,268.925
9.57705E-12,273.925
9.71017E-12,278.925
1.44619E-11,283.925
1.72948E-11,288.925
1.89957E-10,293.925
1.12668E-10,298.925
7.4087E-12,303.925
6.84561E-12,308.925
1.20561E-10,313.925
4.75615E-12,318.925
6.79155E-12,323.925
5.22075E-12,328.925
3.8611E-12,333.925
2.92974E-12,338.925
5.9007E-12,343.925
6.53387E-12,348.925
1.05377E-11,353.925
4.99388E-12,358.925
2.14144E-11,363.925
2.94121E-12,368.925
1.85965E-12,373.925
3.90126E-12,378.925
3.05975E-12,383.925
3.94361E-12,388.925
1.39012E-12,393.925
6.61761E-12,398.925
7.54252E-13,403.925
1.6783E-12,408.925
1.78994E-12,413.925
1.33337E-12,418.925
3.6132E-14,423.925
1.57844E-12,428.925
1.70084E-12,433.925
4.83801E-12,438.925
2.06164E-12,443.925
3.83364E-12,448.925
4.54706E-11,453.925
1.24963E-11,458.925
2.15704E-12,463.925
6.5585E-12,468.925
1.80916E-12,473.925
6.5167E-12,478.925
6.53494E-12,483.925
3.0833E-12,488.925
2.62569E-12,493.925
3.91099E-11,498.925
3.57522E-12,503.925
6.803E-12,508.925
4.01111E-12,513.925
3.13331E-12,518.925
1.16175E-12,523.925
4.51826E-12,528.925
2.15799E-12,533.925
3.10831E-12,538.925
1.56323E-12,543.925
7.38698E-15,548.925
2.29312E-12,553.925
2.24047E-12,558.925
1.67268E-12,563.925
4.61968E-12,568.925
2.79403E-12,573.925
2.44949E-12,578.925
3.34615E-12,583.925
1.45389E-12,588.925
3.41792E-12,593.925
4.88397E-12,598.925
3.52221E-12,603.925
9.41788E-13,608.925
1.68469E-12,613.925
3.71396E-12,618.925
1.70756E-12,623.925
1.88285E-12,628.925
1.1336E-12,633.925
2.40005E-12,638.925
9.47461E-15,643.925
1.49345E-14,648.925
1.88538E-12,653.925
5.46134E-13,658.925
5.60225E-12,663.925
1.52916E-12,668.925
2.49253E-12,673.925
1.70688E-12,678.925
3.13617E-12,683.925
1.27687E-12,688.925
1.09199E-14,693.925
8.10596E-13,698.925
5.87211E-12,703.925
4.13583E-12,708.925
1.5374E-12,713.925
1.07593E-14,718.925
4.75336E-14,723.925
4.1397E-12,728.925
2.3342E-12,733.925
1.89829E-12,738.925
7.05162E-14,743.925
7.29013E-13,748.925
6.15562E-14,753.925
3.51544E-12,758.925
2.32211E-12,763.925
3.37232E-14,768.925
5.21182E-12,773.925
1.11009E-12,778.925
4.31722E-12,783.925
1.3232E-12,788.925
4.08541E-12,793.925
2.02372E-12,798.925
7.38698E-15,803.925
5.20257E-12,808.925
1.96933E-12,813.925
2.22571E-12,818.925
1.25643E-12,823.925
2.6204E-12,828.925
2.65329E-12,833.925
3.70966E-12,838.925
3.89897E-12,843.925
2.41546E-12,848.925
2.01143E-12,853.925
3.37934E-12,858.925
6.2106E-13,863.925
3.35151E-12,868.925
1.16459E-12,873.925
2.41869E-12,878.925
5.97382E-14,883.925
2.00733E-14,888.925
2.33499E-12,893.925
4.49376E-12,898.925
2.98691E-14,903.925
3.52899E-12,908.925
2.56609E-12,913.925
1.12411E-15,918.925
2.03945E-14,923.925
0,928.925
5.29936E-15,933.925
1.01115E-12,938.925
2.05551E-14,943.925
4.51363E-12,948.925
8.83226E-15,953.925
3.44159E-14,958.925
2.92268E-14,963.925
2.73283E-13,968.925
4.04678E-14,973.925
4.38844E-13,978.925
3.58798E-12,983.925
4.41756E-12,988.925
4.21218E-12,993.925
1.94586E-12,998.925
1.06132E-12,1003.925
4.04678E-14,1008.925
1.42286E-12,1013.925
2.01003E-12,1018.925
1.81463E-14,1023.925
1.17044E-12,1028.925
3.67743E-14,1033.925
3.05114E-15,1038.925
5.12271E-14,1043.925
7.30911E-13,1048.925
1.38104E-14,1053.925
1.34524E-12,1058.925
9.91128E-13,1063.925
4.67473E-13,1068.925
5.36865E-13,1073.925
4.22343E-14,1078.925
1.30327E-13,1083.925
3.98357E-13,1088.925
2.79421E-14,1093.925
4.56401E-12,1098.925
